order_id,customer_id,order_date,revenue,status,channel
O00001,C0414,2025-04-20,117.0,cancelled,android
O00002,C0040,2025-05-08,141.59,completed,web
O00003,C0256,2025-05-26,137.51,cancelled,android
O00004,C0371,2025-01-30,150.43,cancelled,web
O00005,C0023,2025-01-04,122.32,completed,web
O00006,C0477,2025-01-10,187.75,refunded,web
O00007,C0165,2025-03-05,37.18,completed,android
O00008,C0191,2025-01-31,168.1,completed,web
O00009,C0115,2025-05-13,267.92,refunded,ios
O00010,C0397,2025-03-21,102.65,cancelled,ios
O00011,C0005,2025-04-05,143.57,cancelled,web
O00012,C0238,2025-04-05,193.61,refunded,web
O00013,C0376,2025-05-20,-122.96,refunded,web
O00014,C0120,2025-05-19,75.1,completed,ios
O00015,C0001,2025-06-18,50.0,completed,android
O00016,C0122,2025-04-18,188.89,completed,web
O00017,C0365,2025-03-13,232.82,cancelled,ios
O00018,C0359,2025-04-06,194.65,completed,android
O00019,C0049,2025-05-10,194.25,cancelled,web
O00020,C0223,2025-06-19,202.65,completed,ios
O00021,C0134,2025-03-22,173.59,completed,ios
O00022,C0232,2025-03-11,93.13,completed,web
O00023,C0400,2025-05-30,141.96,completed,ios
O00024,C0062,2025-05-18,137.93,completed,ios
O00025,C0158,2025-04-29,117.14,completed,android
O00026,C0357,2025-06-04,150.19,completed,web
O00027,C0047,2025-03-05,179.09,completed,ios
O00028,C0420,2025-02-14,108.11,refunded,ios
O00029,C0285,2025-05-21,120.06,completed,web
O00030,C0007,2025-01-16,186.81,completed,web
O00031,C0102,2025-04-13,61.2,cancelled,android
O00032,C0133,2025-01-20,180.88,completed,web
O00033,C0463,2025-06-15,90.46,completed,web
O00034,C0022,2025-04-29,130.96,cancelled,ios
O00035,C0421,2025-04-12,61.08,completed,web
O00036,C0466,2025-02-17,121.43,refunded,web
O00037,C0018,2025-06-07,86.99,refunded,android
O00038,C0246,2025-01-16,89.32,refunded,web
O00039,C0215,2025-02-21,53.07,cancelled,web
O00040,C0196,2025-04-02,36.29,refunded,ios
O00041,C0468,2025-05-25,60.51,completed,android
O00042,C0113,2025-01-08,119.11,completed,web
O00043,C0415,2025-05-01,19.36,completed,web
O00044,C0127,2025-06-18,101.17,cancelled,android
O00045,C0029,2025-02-26,0.0,completed,web
O00046,C0122,2025-06-01,41.77,completed,android
O00047,C0015,2025-06-30,75.47,cancelled,web
O00048,C0429,2025-05-07,0.0,completed,ios
O00049,C0020,2025-01-24,196.39,refunded,web
O00050,C0170,2025-06-07,148.14,completed,ios
O00051,C0368,2025-02-15,220.97,completed,web
O00052,C0301,2025-06-30,63.48,completed,android
O00053,C0441,2025-04-04,176.26,refunded,android
O00054,C0052,2025-03-28,105.77,completed,web
O00055,C0375,2025-04-22,159.67,completed,android
O00056,C0496,2025-05-24,0.0,cancelled,ios
O00057,C0115,2025-06-20,88.41,completed,web
O00058,C0091,2025-01-01,100.24,cancelled,ios
O00059,C0436,2025-05-26,199.81,cancelled,web
O00060,C0328,2025-05-25,136.47,refunded,web
O00061,C0170,2025-01-20,132.85,completed,android
O00062,C0344,2025-06-13,290.04,completed,ios
O00063,C0006,2025-03-09,143.11,completed,android
O00064,C0001,2025-01-13,209.29,refunded,web
O00065,C0453,2025-04-16,61.52,completed,ios
O00066,C0404,2025-05-28,122.54,completed,web
O00067,C0232,2025-01-19,124.76,completed,web
O00068,C0038,2025-03-29,105.1,refunded,web
O00069,C0375,2025-01-20,0.0,cancelled,android
O00070,C0458,2025-05-04,82.64,refunded,android
O00071,C0085,2025-06-05,146.99,completed,web
O00072,C0210,2025-06-28,97.6,cancelled,ios
O00073,C0339,2025-03-14,112.09,cancelled,ios
O00074,C0079,2025-01-14,145.76,refunded,web
O00075,C0151,2025-06-19,71.48,completed,web
O00076,C0327,2025-03-16,71.43,refunded,web
O00077,C0158,2025-04-12,0.0,cancelled,ios
O00078,C0095,2025-04-05,143.12,completed,web
O00079,C0229,2025-01-12,114.4,completed,android
O00080,C0032,2025-02-08,186.88,completed,web
O00081,C0343,2025-03-30,142.17,completed,android
O00082,C0032,2025-04-10,62.07,refunded,android
O00083,C0352,2025-05-02,80.53,refunded,android
O00084,C0018,2025-05-09,100.6,cancelled,android
O00085,C0347,2025-06-08,208.0,completed,web
O00086,C0414,2025-02-19,237.13,refunded,web
O00087,C0350,2025-04-22,153.2,cancelled,ios
O00088,C0164,2025-01-18,226.53,cancelled,ios
O00089,C0283,2025-03-25,165.12,completed,android
O00090,C0320,2025-05-31,63.04,refunded,web
O00091,C0213,2025-02-08,167.69,completed,web
O00092,C0289,2025-01-26,184.1,cancelled,ios
O00093,C0450,2025-04-16,112.24,refunded,web
O00094,C0089,2025-03-12,207.16,cancelled,android
O00095,C0349,2025-06-27,70.89,completed,web
O00096,C0382,2025-05-02,154.87,completed,web
O00097,C0173,2025-03-19,76.87,completed,web
O00098,C0069,2025-03-18,227.07,refunded,ios
O00099,C0138,2025-04-17,99.49,refunded,android
O00100,C0249,2025-05-13,104.1,completed,android
O00101,C0406,2025-02-10,206.44,cancelled,android
O00102,C0015,2025-02-14,157.81,completed,web
O00103,C0128,2025-01-09,0.0,completed,ios
O00104,C0422,2025-04-29,156.27,completed,android
O00105,C0016,2025-03-03,63.95,refunded,android
O00106,C0283,2025-03-31,177.87,completed,android
O00107,C0426,2025-06-26,131.93,cancelled,web
O00108,C0439,2025-02-26,127.61,completed,ios
O00109,C0334,2025-04-15,0.43,completed,ios
O00110,C0467,2025-02-03,110.0,cancelled,web
O00111,C0115,2025-03-06,8.39,completed,ios
O00112,C0459,2025-04-07,29.61,refunded,ios
O00113,C0112,2025-04-30,96.59,cancelled,web
O00114,C0004,2025-05-11,188.89,completed,android
O00115,C0332,2025-06-02,80.88,completed,ios
O00116,C0142,2025-06-13,88.03,completed,ios
O00117,C0336,2025-06-16,109.68,completed,android
O00118,C0207,2025-06-19,152.6,completed,android
O00119,C0014,2025-06-17,69.78,refunded,ios
O00120,C0378,2025-01-10,120.83,cancelled,web
O00121,C0176,2025-02-26,86.67,completed,android
O00122,C0154,2025-02-13,41.19,cancelled,web
O00123,C0151,2025-01-25,23.04,cancelled,web
O00124,C0485,2025-06-24,138.0,completed,web
O00125,C0182,2025-02-27,118.13,completed,ios
O00126,C0134,2025-05-30,68.64,completed,ios
O00127,C0028,2025-06-12,0.0,completed,android
O00128,C0062,2025-06-24,47.71,completed,ios
O00129,C0028,2025-02-08,146.08,cancelled,ios
O00130,C0074,2025-03-22,150.48,completed,web
O00131,C0250,2025-03-27,94.55,completed,ios
O00132,C0141,2025-02-23,92.55,completed,android
O00133,C0392,2025-02-10,18.32,cancelled,ios
O00134,C0325,2025-04-20,126.67,refunded,ios
O00135,C0003,2025-01-10,25.0,completed,android
O00136,C0098,2025-01-05,99.53,completed,web
O00137,C0356,2025-03-30,109.38,completed,web
O00138,C0034,2025-01-12,145.83,completed,ios
O00139,C0373,2025-05-14,75.21,completed,ios
O00140,C0462,2025-05-06,88.99,completed,web
O00141,C0486,2025-04-14,162.46,completed,android
O00142,C0012,2025-05-31,125.13,completed,ios
O00143,C0365,2025-06-16,135.22,cancelled,android
O00144,C0025,2025-06-02,63.84,completed,android
O00145,C0429,2025-01-06,148.41,completed,android
O00146,C0130,2025-05-02,128.88,completed,android
O00147,C0352,2025-06-11,182.61,cancelled,ios
O00148,C0319,2025-06-05,123.66,refunded,web
O00149,C0262,2025-06-08,141.81,completed,android
O00150,C0103,2025-03-09,139.9,completed,ios
O00151,C0361,2025-04-15,115.22,completed,android
O00152,C0478,2025-05-04,136.33,completed,web
O00153,C0344,2025-01-23,214.99,completed,web
O00154,C0400,2025-05-11,57.07,completed,ios
O00155,C0330,2025-03-01,0.0,completed,web
O00156,C0417,2025-02-14,164.31,completed,ios
O00157,C0411,2025-06-23,82.27,completed,web
O00158,C0437,2025-02-05,210.75,completed,ios
O00159,C0184,2025-04-23,165.55,completed,ios
O00160,C0094,2025-01-30,106.79,refunded,ios
O00161,C0428,2025-04-09,94.77,completed,web
O00162,C0068,2025-06-28,56.38,completed,web
O00163,C0214,2025-06-01,42.62,cancelled,ios
O00164,C0399,2025-04-02,128.46,completed,ios
O00165,C0472,2025-05-05,166.85,completed,android
O00166,C0161,2025-01-04,160.24,cancelled,android
O00167,C0296,2025-05-25,144.38,cancelled,android
O00168,C0353,2025-06-29,267.84,refunded,android
O00169,C0373,2025-03-05,31.99,completed,android
O00170,C0457,2025-06-06,130.04,completed,android
O00171,C0435,2025-05-01,192.31,refunded,ios
O00172,C0124,2025-03-26,22.9,completed,android
O00173,C0115,2025-05-21,82.12,refunded,ios
O00174,C0411,2025-05-27,72.22,refunded,ios
O00175,C0162,2025-01-31,218.49,refunded,ios
O00176,C0019,2025-05-23,107.98,completed,android
O00177,C0494,2025-06-08,38.13,refunded,ios
O00178,C0187,2025-01-14,24.1,refunded,ios
O00179,C0287,2025-06-08,42.89,refunded,web
O00180,C0050,2025-06-18,64.01,completed,ios
O00181,C0425,2025-06-12,168.62,completed,web
O00182,C0460,2025-02-12,108.95,refunded,web
O00183,C0131,2025-06-06,130.14,completed,ios
O00184,C0423,2025-02-18,148.7,completed,ios
O00185,C0024,2025-06-12,161.78,refunded,ios
O00186,C0338,2025-05-31,51.79,completed,ios
O00187,C0003,2025-05-16,113.41,cancelled,ios
O00188,C0474,2025-05-11,44.12,completed,android
O00189,C0297,2025-02-14,116.15,cancelled,android
O00190,C0452,2025-03-24,88.78,refunded,ios
O00191,C0312,2025-06-27,123.73,completed,ios
O00192,C0413,2025-02-04,72.17,cancelled,android
O00193,C0454,2025-05-12,91.78,cancelled,android
O00194,C0112,2025-02-21,208.93,completed,android
O00195,C0177,2025-06-22,183.5,completed,android
O00196,C0278,2025-06-27,189.93,completed,ios
O00197,C0288,2025-05-03,0.0,cancelled,ios
O00198,C0450,2025-04-19,48.67,cancelled,web
O00199,C0013,2025-04-08,174.63,completed,ios
O00200,C0350,2025-03-06,190.73,completed,android
O00201,C0402,2025-03-17,141.35,refunded,web
O00202,C0316,2025-06-22,191.79,completed,android
O00203,C0332,2025-05-24,65.03,completed,android
O00204,C0341,2025-01-13,166.13,refunded,ios
O00205,C0490,2025-06-25,90.83,completed,web
O00206,C0318,2025-04-24,190.23,completed,android
O00207,C0280,2025-06-04,151.82,refunded,web
O00208,C0350,2025-01-20,211.0,completed,android
O00209,C0264,2025-01-31,74.5,completed,web
O00210,C0300,2025-03-07,-164.26,refunded,android
O00211,C0480,2025-02-09,253.55,cancelled,android
O00212,C0155,2025-05-06,154.24,cancelled,ios
O00213,C0038,2025-03-23,0.0,cancelled,web
O00214,C0213,2025-05-20,96.09,completed,ios
O00215,C0114,2025-02-24,92.13,cancelled,android
O00216,C0244,2025-05-24,73.98,completed,web
O00217,C0343,2025-03-30,0.0,cancelled,web
O00218,C0491,2025-01-11,163.54,completed,ios
O00219,C0469,2025-01-30,63.62,cancelled,ios
O00220,C0264,2025-05-11,169.16,completed,ios
O00221,C0460,2025-06-16,145.47,completed,android
O00222,C0274,2025-01-02,187.42,completed,android
O00223,C0323,2025-02-24,161.68,cancelled,android
O00224,C0450,2025-04-22,72.7,completed,android
O00225,C0352,2025-02-09,214.26,completed,web
O00226,C0092,2025-03-06,134.17,cancelled,web
O00227,C0467,2025-03-08,65.04,completed,web
O00228,C0200,2025-06-22,156.04,completed,android
O00229,C0369,2025-06-08,211.59,completed,ios
O00230,C0476,2025-05-09,158.44,completed,android
O00231,C0045,2025-03-14,126.17,completed,ios
O00232,C0081,2025-05-17,55.92,refunded,android
O00233,C0152,2025-06-12,175.72,completed,web
O00234,C0284,2025-05-23,190.98,completed,web
O00235,C0294,2025-06-02,60.56,completed,android
O00236,C0380,2025-03-30,166.66,cancelled,web
O00237,C0083,2025-02-17,140.78,completed,android
O00238,C0410,2025-05-26,231.94,cancelled,ios
O00239,C0331,2025-05-21,200.26,completed,android
O00240,C0298,2025-05-05,159.72,completed,web
O00241,C0344,2025-06-17,124.77,completed,ios
O00242,C0249,2025-04-26,168.93,completed,android
O00243,C0300,2025-02-09,67.65,refunded,web
O00244,C0003,2025-03-22,97.13,completed,android
O00245,C0379,2025-06-14,14.24,completed,ios
O00246,C0237,2025-04-25,164.88,completed,ios
O00247,C0283,2025-01-28,156.86,completed,android
O00248,C0101,2025-03-09,193.21,completed,android
O00249,C0039,2025-01-05,169.66,cancelled,ios
O00250,C0394,2025-06-01,51.27,completed,android
O00251,C0134,2025-05-20,178.76,completed,ios
O00252,C0201,2025-02-27,73.82,cancelled,android
O00253,C0439,2025-03-16,167.17,completed,android
O00254,C0006,2025-06-19,172.75,cancelled,android
O00255,C0085,2025-05-12,142.46,cancelled,android
O00256,C0447,2025-02-07,147.28,refunded,ios
O00257,C0021,2025-02-26,123.14,completed,web
O00258,C0343,2025-02-22,76.54,completed,ios
O00259,C0241,2025-04-27,132.6,completed,android
O00260,C0496,2025-05-14,108.4,completed,android
O00261,C0135,2025-05-29,84.35,completed,android
O00262,C0335,2025-01-20,109.8,refunded,web
O00263,C0265,2025-04-14,47.3,refunded,android
O00264,C0004,2025-05-09,216.33,refunded,web
O00265,C0118,2025-01-20,71.49,completed,ios
O00266,C0309,2025-01-31,115.56,refunded,ios
O00267,C0369,2025-01-30,51.96,completed,android
O00268,C0427,2025-04-16,127.94,completed,web
O00269,C0294,2025-06-01,164.8,cancelled,web
O00270,C0029,2025-02-12,191.71,completed,android
O00271,C0491,2025-04-14,57.31,completed,web
O00272,C0111,2025-04-25,74.84,refunded,ios
O00273,C0088,2025-02-26,159.34,completed,android
O00274,C0338,2025-05-11,48.83,completed,ios
O00275,C0306,2025-06-01,173.1,completed,web
O00276,C0268,2025-05-10,144.52,completed,android
O00277,C0050,2025-02-15,38.08,cancelled,android
O00278,C0386,2025-01-31,132.52,completed,android
O00279,C0277,2025-01-01,202.65,cancelled,ios
O00280,C0190,2025-01-12,57.51,refunded,web
O00281,C0481,2025-05-04,134.46,cancelled,web
O00282,C0218,2025-02-04,63.02,completed,web
O00283,C0146,2025-06-03,163.97,completed,android
O00284,C0268,2025-01-31,77.0,refunded,android
O00285,C0106,2025-06-26,140.58,refunded,android
O00286,C0300,2025-03-06,62.02,cancelled,ios
O00287,C0290,2025-04-04,0.0,completed,ios
O00288,C0283,2025-05-23,0.0,completed,android
O00289,C0285,2025-05-04,118.78,refunded,android
O00290,C0071,2025-06-18,171.34,completed,ios
O00291,C0401,2025-06-29,146.19,completed,android
O00292,C0315,2025-06-28,111.35,completed,web
O00293,C0200,2025-06-12,146.21,cancelled,ios
O00294,C0046,2025-01-17,120.87,completed,web
O00295,C0312,2025-01-10,97.88,cancelled,ios
O00296,C0365,2025-06-02,0.0,completed,android
O00297,C0254,2025-04-23,236.72,cancelled,ios
O00298,C0100,2025-01-09,127.87,cancelled,android
O00299,C0358,2025-03-01,52.68,completed,web
O00300,C0045,2025-03-12,60.51,completed,android
O00301,C0203,2025-04-14,57.88,completed,web
O00302,C0282,2025-03-14,82.69,cancelled,android
O00303,C0179,2025-03-30,167.0,completed,ios
O00304,C0477,2025-04-14,108.96,completed,web
O00305,C0209,2025-05-10,138.25,completed,android
O00306,C0490,2025-03-07,134.42,cancelled,ios
O00307,C0356,2025-04-24,195.47,completed,ios
O00308,C0349,2025-04-28,103.65,completed,ios
O00309,C0060,2025-03-08,197.49,completed,ios
O00310,C0212,2025-04-01,155.02,completed,android
O00311,C0427,2025-03-09,120.29,completed,web
O00312,C0284,2025-02-15,146.51,completed,web
O00313,C0458,2025-05-27,102.6,completed,ios
O00314,C0378,2025-02-21,264.44,completed,ios
O00315,C0106,2025-02-28,133.3,completed,web
O00316,C0062,2025-01-21,163.49,refunded,android
O00317,C0004,2025-05-19,232.43,completed,ios
O00318,C0460,2025-05-28,89.62,refunded,web
O00319,C0392,2025-05-11,111.96,completed,android
O00320,C0410,2025-04-19,161.76,cancelled,web
O00321,C0258,2025-03-30,48.26,completed,android
O00322,C0266,2025-04-28,176.58,completed,web
O00323,C0346,2025-02-23,99.91,completed,web
O00324,C0281,2025-03-09,139.0,refunded,android
O00325,C0176,2025-04-04,145.42,completed,ios
O00326,C0438,2025-04-13,177.66,completed,android
O00327,C0068,2025-05-28,76.92,completed,android
O00328,C0222,2025-04-08,18.7,completed,ios
O00329,C0413,2025-01-03,151.42,cancelled,android
O00330,C0369,2025-03-22,183.23,completed,ios
O00331,C0288,2025-05-26,146.17,completed,ios
O00332,C0244,2025-06-11,128.09,completed,ios
O00333,C0185,2025-04-03,0.0,completed,ios
O00334,C0063,2025-03-31,68.52,cancelled,web
O00335,C0296,2025-05-28,76.09,completed,ios
O00336,C0167,2025-06-22,59.68,refunded,web
O00337,C0196,2025-06-07,100.71,completed,android
O00338,C0414,2025-03-28,202.58,cancelled,android
O00339,C0208,2025-01-19,168.39,completed,android
O00340,C0137,2025-06-04,146.25,completed,ios
O00341,C0400,2025-04-03,119.04,completed,web
O00342,C0438,2025-01-06,47.21,completed,android
O00343,C0129,2025-06-29,119.93,completed,web
O00344,C0480,2025-05-02,78.74,completed,ios
O00345,C0269,2025-01-22,186.12,refunded,ios
O00346,C0118,2025-03-05,170.58,refunded,android
O00347,C0065,2025-02-03,83.82,completed,ios
O00348,C0443,2025-05-02,113.86,cancelled,ios
O00349,C0281,2025-04-24,216.56,cancelled,android
O00350,C0234,2025-06-11,229.68,cancelled,ios
O00351,C0269,2025-06-13,86.96,cancelled,web
O00352,C0413,2025-01-23,80.3,completed,ios
O00353,C0134,2025-02-09,119.73,completed,ios
O00354,C0147,2025-05-01,120.77,refunded,ios
O00355,C0154,2025-01-03,130.68,completed,android
O00356,C0192,2025-02-18,13.22,cancelled,ios
O00357,C0203,2025-03-05,170.84,refunded,web
O00358,C0135,2025-01-21,203.87,completed,android
O00359,C0392,2025-06-06,152.26,cancelled,ios
O00360,C0212,2025-02-18,34.75,completed,web
O00361,C0149,2025-01-29,65.72,cancelled,ios
O00362,C0097,2025-03-24,56.93,completed,android
O00363,C0012,2025-02-17,168.11,refunded,android
O00364,C0005,2025-03-01,111.55,completed,ios
O00365,C0112,2025-03-29,27.63,completed,ios
O00366,C0357,2025-01-09,170.6,completed,web
O00367,C0137,2025-04-11,180.94,completed,ios
O00368,C0425,2025-01-04,149.32,completed,ios
O00369,C0395,2025-04-24,123.45,completed,android
O00370,C0341,2025-02-23,313.64,completed,ios
O00371,C0082,2025-06-11,106.48,completed,ios
O00372,C0247,2025-06-13,21.77,completed,web
O00373,C0443,2025-06-20,125.9,completed,web
O00374,C0086,2025-03-12,148.77,refunded,web
O00375,C0005,2025-01-11,39.75,completed,ios
O00376,C0395,2025-01-23,75.17,refunded,web
O00377,C0352,2025-06-08,36.33,completed,web
O00378,C0183,2025-06-15,254.77,cancelled,web
O00379,C0065,2025-05-05,138.44,completed,ios
O00380,C0376,2025-02-19,288.69,refunded,ios
O00381,C0371,2025-02-04,119.93,cancelled,ios
O00382,C0278,2025-06-28,137.03,cancelled,web
O00383,C0279,2025-03-31,89.88,cancelled,android
O00384,C0083,2025-01-18,180.35,refunded,ios
O00385,C0420,2025-03-09,56.23,cancelled,ios
O00386,C0376,2025-02-17,102.94,cancelled,ios
O00387,C0398,2025-06-08,126.75,cancelled,ios
O00388,C0098,2025-05-15,215.63,cancelled,web
O00389,C0314,2025-03-14,82.17,cancelled,android
O00390,C0035,2025-01-12,197.09,completed,web
O00391,C0448,2025-01-09,140.51,cancelled,android
O00392,C0429,2025-04-10,186.05,cancelled,android
O00393,C0360,2025-06-01,117.86,completed,web
O00394,C0477,2025-02-23,177.28,completed,ios
O00395,C0411,2025-06-13,191.16,refunded,ios
O00396,C0407,2025-01-15,148.54,completed,android
O00397,C0021,2025-01-19,132.23,cancelled,web
O00398,C0052,2025-03-01,99.15,completed,web
O00399,C0270,2025-06-18,120.65,cancelled,ios
O00400,C0383,2025-01-28,204.07,cancelled,ios
O00401,C0346,2025-04-28,101.4,completed,android
O00402,C0206,2025-05-10,59.47,completed,android
O00403,C0308,2025-04-24,238.33,completed,ios
O00404,C0212,2025-06-12,67.48,completed,android
O00405,C0124,2025-05-25,64.2,completed,ios
O00406,C0493,2025-04-26,103.55,refunded,web
O00407,C0372,2025-01-09,200.29,completed,web
O00408,C0154,2025-02-26,111.37,completed,web
O00409,C0396,2025-06-26,179.07,cancelled,android
O00410,C0080,2025-01-25,0.0,completed,web
O00411,C0071,2025-03-09,66.81,completed,web
O00412,C0293,2025-04-13,178.77,completed,android
O00413,C0040,2025-03-25,129.85,cancelled,web
O00414,C0305,2025-06-14,84.37,cancelled,ios
O00415,C0041,2025-01-15,167.74,refunded,ios
O00416,C0477,2025-01-31,94.48,completed,android
O00417,C0335,2025-06-04,196.65,completed,ios
O00418,C0269,2025-01-11,83.13,cancelled,web
O00419,C0168,2025-05-09,108.85,refunded,ios
O00420,C0386,2025-06-02,87.25,completed,web
O00421,C0222,2025-03-16,127.69,refunded,android
O00422,C0382,2025-01-13,86.92,completed,web
O00423,C0205,2025-05-09,34.92,refunded,android
O00424,C0102,2025-05-05,157.14,cancelled,web
O00425,C0288,2025-06-07,193.12,completed,ios
O00426,C0166,2025-06-25,118.66,completed,web
O00427,C0344,2025-04-16,70.76,cancelled,android
O00428,C0013,2025-03-20,145.66,completed,android
O00429,C0421,2025-04-24,73.76,completed,web
O00430,C0351,2025-04-06,74.81,completed,web
O00431,C0379,2025-01-14,123.65,completed,web
O00432,C0176,2025-06-27,203.5,completed,ios
O00433,C0242,2025-01-06,71.54,cancelled,android
O00434,C0385,2025-03-08,205.74,cancelled,android
O00435,C0073,2025-06-27,116.34,cancelled,web
O00436,C0131,2025-02-13,109.03,completed,android
O00437,C0317,2025-03-11,-202.68,refunded,android
O00438,C0139,2025-06-19,148.65,completed,web
O00439,C0010,2025-03-16,178.43,refunded,android
O00440,C0364,2025-01-26,55.71,refunded,android
O00441,C0273,2025-01-23,147.5,completed,web
O00442,C0127,2025-05-16,185.14,refunded,ios
O00443,C0382,2025-02-10,210.51,completed,web
O00444,C0257,2025-03-12,130.49,completed,ios
O00445,C0456,2025-01-08,257.51,completed,ios
O00446,C0337,2025-02-05,69.65,refunded,android
O00447,C0492,2025-06-23,56.04,completed,android
O00448,C0079,2025-04-20,65.41,cancelled,ios
O00449,C0230,2025-05-19,179.0,completed,web
O00450,C0159,2025-06-26,184.25,cancelled,web
O00451,C0221,2025-02-07,76.99,completed,android
O00452,C0273,2025-01-31,55.65,completed,android
O00453,C0016,2025-03-23,165.26,refunded,android
O00454,C0479,2025-06-13,77.57,completed,web
O00455,C0399,2025-02-18,150.04,cancelled,android
O00456,C0137,2025-06-05,143.84,completed,android
O00457,C0119,2025-03-01,98.3,refunded,web
O00458,C0258,2025-06-04,67.71,completed,web
O00459,C0437,2025-04-10,87.41,completed,ios
O00460,C0392,2025-01-04,121.75,refunded,web
O00461,C0381,2025-06-21,220.76,refunded,android
O00462,C0251,2025-06-26,112.54,refunded,web
O00463,C0219,2025-04-14,133.46,completed,ios
O00464,C0314,2025-05-27,39.0,cancelled,android
O00465,C0449,2025-06-30,136.73,completed,web
O00466,C0266,2025-05-18,49.19,completed,android
O00467,C0199,2025-05-13,134.63,refunded,ios
O00468,C0453,2025-03-19,0.0,completed,ios
O00469,C0086,2025-04-19,82.94,completed,ios
O00470,C0425,2025-06-15,249.33,cancelled,web
O00471,C0093,2025-05-30,205.63,refunded,ios
O00472,C0231,2025-01-07,84.75,cancelled,android
O00473,C0459,2025-02-21,139.3,completed,android
O00474,C0376,2025-02-01,102.45,refunded,android
O00475,C0186,2025-01-22,61.59,cancelled,android
O00476,C0487,2025-02-10,111.19,refunded,web
O00477,C0394,2025-02-13,185.99,completed,web
O00478,C0445,2025-02-07,79.42,completed,ios
O00479,C0158,2025-03-21,101.0,completed,web
O00480,C0461,2025-02-03,0.0,completed,android
O00481,C0392,2025-03-06,190.2,completed,android
O00482,C0452,2025-05-07,125.39,cancelled,android
O00483,C0244,2025-04-27,99.38,completed,android
O00484,C0143,2025-06-08,133.06,completed,web
O00485,C0095,2025-02-07,172.3,completed,android
O00486,C0296,2025-06-04,138.85,completed,web
O00487,C0056,2025-04-17,155.56,cancelled,android
O00488,C0404,2025-05-24,118.6,refunded,android
O00489,C0297,2025-04-03,144.11,completed,ios
O00490,C0420,2025-01-18,108.93,cancelled,web
O00491,C0150,2025-05-01,181.31,cancelled,ios
O00492,C0269,2025-02-23,189.15,cancelled,web
O00493,C0056,2025-05-27,109.27,refunded,android
O00494,C0353,2025-06-04,36.19,completed,ios
O00495,C0312,2025-03-23,115.24,completed,android
O00496,C0289,2025-05-08,198.36,refunded,ios
O00497,C0414,2025-02-16,152.52,completed,web
O00498,C0061,2025-01-07,90.84,completed,android
O00499,C0435,2025-02-23,188.27,completed,ios
O00500,C0287,2025-06-13,0.0,completed,android
O00501,C0145,2025-03-07,132.86,completed,web
O00502,C0059,2025-06-25,70.17,refunded,android
O00503,C0292,2025-06-07,229.8,completed,android
O00504,C0246,2025-05-02,91.89,completed,ios
O00505,C0080,2025-06-10,3.53,refunded,ios
O00506,C0476,2025-01-15,149.42,completed,android
O00507,C0372,2025-06-23,90.26,completed,ios
O00508,C0034,2025-02-08,188.14,completed,ios
O00509,C0193,2025-06-10,84.69,completed,android
O00510,C0060,2025-03-20,112.28,completed,android
O00511,C0017,2025-03-11,59.71,refunded,ios
O00512,C0111,2025-05-15,156.24,completed,ios
O00513,C0402,2025-01-10,143.05,completed,ios
O00514,C0464,2025-05-09,0.0,completed,ios
O00515,C0376,2025-05-15,100.22,completed,android
O00516,C0347,2025-02-03,169.63,completed,ios
O00517,C0199,2025-05-14,158.67,cancelled,web
O00518,C0171,2025-04-30,154.45,completed,android
O00519,C0393,2025-06-18,119.64,completed,ios
O00520,C0103,2025-02-19,107.21,cancelled,ios
O00521,C0396,2025-04-23,97.23,completed,web
O00522,C0491,2025-06-09,77.88,completed,web
O00523,C0278,2025-03-31,74.57,completed,android
O00524,C0126,2025-02-13,105.44,cancelled,ios
O00525,C0277,2025-04-24,133.82,completed,web
O00526,C0197,2025-01-14,124.56,refunded,web
O00527,C0361,2025-06-02,185.58,refunded,android
O00528,C0183,2025-03-21,66.63,completed,android
O00529,C0389,2025-06-21,128.83,refunded,android
O00530,C0068,2025-01-24,97.4,refunded,web
O00531,C0234,2025-03-21,82.21,completed,web
O00532,C0074,2025-06-07,33.45,completed,ios
O00533,C0094,2025-06-29,166.63,completed,ios
O00534,C0250,2025-01-08,93.31,completed,ios
O00535,C0246,2025-04-29,147.66,cancelled,web
O00536,C0261,2025-01-27,79.72,completed,ios
O00537,C0285,2025-06-16,165.92,cancelled,ios
O00538,C0123,2025-06-08,141.94,completed,ios
O00539,C0197,2025-01-17,60.63,refunded,android
O00540,C0404,2025-03-29,212.64,completed,web
O00541,C0340,2025-06-21,242.41,refunded,web
O00542,C0304,2025-06-02,185.2,cancelled,web
O00543,C0421,2025-04-24,187.07,completed,android
O00544,C0417,2025-06-02,254.06,refunded,ios
O00545,C0254,2025-06-15,106.02,cancelled,android
O00546,C0415,2025-01-01,97.92,completed,ios
O00547,C0273,2025-03-16,59.28,completed,ios
O00548,C0292,2025-06-23,170.24,refunded,android
O00549,C0469,2025-03-30,199.18,cancelled,ios
O00550,C0434,2025-02-02,115.16,completed,ios
O00551,C0462,2025-05-21,122.41,completed,web
O00552,C0441,2025-03-14,119.51,completed,ios
O00553,C0360,2025-06-01,78.66,refunded,ios
O00554,C0280,2025-02-24,152.37,refunded,web
O00555,C0097,2025-05-23,17.93,completed,ios
O00556,C0447,2025-06-21,210.45,completed,web
O00557,C0332,2025-01-05,197.09,completed,web
O00558,C0071,2025-06-14,218.1,refunded,android
O00559,C0310,2025-04-19,72.79,refunded,ios
O00560,C0182,2025-02-27,73.81,cancelled,web
O00561,C0296,2025-05-08,145.2,refunded,android
O00562,C0296,2025-04-04,83.81,completed,android
O00563,C0248,2025-06-30,66.4,completed,web
O00564,C0374,2025-05-15,178.11,completed,ios
O00565,C0265,2025-01-21,38.54,completed,android
O00566,C0325,2025-05-19,107.96,completed,android
O00567,C0028,2025-03-29,111.38,refunded,android
O00568,C0376,2025-03-26,118.07,completed,ios
O00569,C0086,2025-01-10,92.6,cancelled,ios
O00570,C0032,2025-06-11,43.82,completed,android
O00571,C0027,2025-06-18,228.96,completed,ios
O00572,C0043,2025-02-02,113.4,completed,ios
O00573,C0068,2025-06-07,97.08,completed,android
O00574,C0090,2025-06-01,236.28,refunded,ios
O00575,C0414,2025-02-14,113.42,cancelled,web
O00576,C0176,2025-01-22,212.97,cancelled,web
O00577,C0429,2025-05-07,121.07,refunded,android
O00578,C0327,2025-02-12,58.08,completed,web
O00579,C0329,2025-03-09,121.03,refunded,ios
O00580,C0155,2025-05-02,90.22,cancelled,web
O00581,C0195,2025-06-24,101.26,refunded,web
O00582,C0148,2025-04-25,54.56,completed,android
O00583,C0350,2025-01-11,180.47,refunded,android
O00584,C0471,2025-06-16,162.42,completed,ios
O00585,C0137,2025-01-26,117.33,completed,android
O00586,C0345,2025-05-31,199.44,cancelled,ios
O00587,C0347,2025-06-26,171.97,completed,web
O00588,C0007,2025-04-16,117.78,completed,android
O00589,C0229,2025-03-31,129.35,completed,android
O00590,C0048,2025-01-15,168.07,completed,android
O00591,C0327,2025-02-01,112.1,completed,ios
O00592,C0337,2025-06-15,90.71,completed,web
O00593,C0357,2025-02-17,118.59,refunded,ios
O00594,C0394,2025-04-20,187.29,completed,ios
O00595,C0083,2025-01-19,116.33,completed,ios
O00596,C0490,2025-03-09,141.22,completed,ios
O00597,C0476,2025-02-21,91.06,completed,android
O00598,C0394,2025-04-21,95.97,completed,ios
O00599,C0367,2025-03-08,138.6,completed,ios
O00600,C0010,2025-05-08,134.11,completed,web
O00601,C0341,2025-04-10,110.4,cancelled,web
O00602,C0264,2025-05-06,212.62,refunded,android
O00603,C0400,2025-01-18,115.27,refunded,web
O00604,C0291,2025-05-18,118.78,completed,ios
O00605,C0350,2025-03-19,51.15,completed,ios
O00606,C0274,2025-03-29,169.62,refunded,ios
O00607,C0332,2025-02-21,127.56,completed,ios
O00608,C0357,2025-04-10,135.22,completed,ios
O00609,C0044,2025-06-11,84.03,completed,android
O00610,C0304,2025-03-03,134.77,completed,android
O00611,C0330,2025-03-20,0.0,completed,web
O00612,C0174,2025-01-15,120.31,completed,ios
O00613,C0061,2025-02-24,151.26,cancelled,web
O00614,C0380,2025-05-29,36.65,completed,web
O00615,C0377,2025-02-06,108.26,cancelled,web
O00616,C0125,2025-06-29,120.82,completed,web
O00617,C0324,2025-01-13,211.88,cancelled,web
O00618,C0428,2025-06-01,57.27,completed,web
O00619,C0255,2025-06-02,132.88,refunded,ios
O00620,C0416,2025-06-23,79.65,completed,android
O00621,C0295,2025-05-20,194.24,completed,android
O00622,C0089,2025-03-27,206.74,completed,web
O00623,C0388,2025-04-17,148.4,completed,android
O00624,C0021,2025-02-04,170.19,cancelled,ios
O00625,C0399,2025-02-10,-188.99,completed,web
O00626,C0362,2025-06-16,126.8,completed,ios
O00627,C0356,2025-05-02,105.55,cancelled,ios
O00628,C0211,2025-03-03,81.87,cancelled,android
O00629,C0020,2025-06-02,150.07,completed,ios
O00630,C0215,2025-01-02,183.91,completed,web
O00631,C0272,2025-01-25,32.28,cancelled,web
O00632,C0238,2025-06-10,38.74,completed,web
O00633,C0100,2025-01-29,146.34,refunded,ios
O00634,C0091,2025-02-10,32.65,completed,web
O00635,C0331,2025-04-04,106.0,refunded,web
O00636,C0054,2025-01-14,182.53,completed,web
O00637,C0403,2025-01-08,90.33,refunded,android
O00638,C0297,2025-03-25,122.79,completed,web
O00639,C0399,2025-01-29,107.45,completed,ios
O00640,C0457,2025-02-26,144.2,cancelled,ios
O00641,C0028,2025-04-22,204.37,refunded,ios
O00642,C0070,2025-04-28,228.69,completed,ios
O00643,C0104,2025-03-27,184.22,completed,web
O00644,C0437,2025-04-30,186.03,completed,ios
O00645,C0113,2025-03-17,35.75,cancelled,web
O00646,C0296,2025-05-22,55.79,completed,ios
O00647,C0439,2025-05-14,0.0,refunded,ios
O00648,C0008,2025-04-20,133.4,completed,web
O00649,C0168,2025-04-22,8.91,completed,android
O00650,C0460,2025-01-02,59.41,completed,web
O00651,C0241,2025-05-10,192.21,completed,ios
O00652,C0254,2025-03-03,135.48,completed,android
O00653,C0375,2025-04-15,150.45,completed,web
O00654,C0246,2025-06-21,110.09,refunded,android
O00655,C0383,2025-05-30,185.32,refunded,web
O00656,C0405,2025-04-05,130.1,completed,android
O00657,C0037,2025-04-09,162.33,refunded,ios
O00658,C0358,2025-06-06,86.49,completed,android
O00659,C0042,2025-06-08,191.71,completed,web
O00660,C0057,2025-04-09,53.37,cancelled,web
O00661,C0188,2025-04-04,154.73,completed,web
O00662,C0172,2025-03-03,188.45,refunded,android
O00663,C0481,2025-05-29,184.47,completed,ios
O00664,C0181,2025-03-10,52.32,refunded,ios
O00665,C0028,2025-01-17,74.08,completed,ios
O00666,C0364,2025-05-17,167.2,cancelled,ios
O00667,C0232,2025-06-08,59.33,completed,web
O00668,C0457,2025-04-28,186.14,refunded,web
O00669,C0148,2025-01-20,157.27,refunded,web
O00670,C0448,2025-02-22,150.59,completed,ios
O00671,C0214,2025-06-24,89.15,refunded,android
O00672,C0331,2025-01-06,111.78,completed,web
O00673,C0447,2025-03-01,156.96,cancelled,ios
O00674,C0336,2025-06-15,57.45,refunded,android
O00675,C0341,2025-06-28,45.69,cancelled,web
O00676,C0460,2025-03-20,105.74,completed,web
O00677,C0248,2025-04-06,221.09,completed,ios
O00678,C0234,2025-02-12,101.19,completed,android
O00679,C0275,2025-03-15,135.38,completed,web
O00680,C0122,2025-01-30,153.94,completed,android
O00681,C0065,2025-04-23,117.5,completed,android
O00682,C0163,2025-03-30,158.24,refunded,android
O00683,C0500,2025-02-11,90.14,refunded,web
O00684,C0486,2025-04-28,113.59,completed,web
O00685,C0497,2025-05-20,173.19,refunded,ios
O00686,C0497,2025-05-27,111.78,cancelled,android
O00687,C0465,2025-04-24,104.51,completed,web
O00688,C0348,2025-05-22,144.86,completed,ios
O00689,C0317,2025-02-26,95.08,completed,android
O00690,C0270,2025-02-26,128.8,completed,web
O00691,C0012,2025-01-22,56.73,completed,android
O00692,C0202,2025-02-19,104.43,cancelled,android
O00693,C0262,2025-01-15,167.65,refunded,ios
O00694,C0198,2025-04-06,89.1,completed,ios
O00695,C0158,2025-04-25,138.09,refunded,android
O00696,C0213,2025-04-24,101.75,refunded,android
O00697,C0459,2025-04-17,171.04,completed,ios
O00698,C0244,2025-05-15,181.36,completed,android
O00699,C0388,2025-04-07,172.31,refunded,web
O00700,C0285,2025-04-29,152.49,completed,web
O00701,C0096,2025-04-08,102.9,completed,android
O00702,C0156,2025-05-07,187.56,refunded,web
O00703,C0014,2025-01-01,148.75,refunded,web
O00704,C0335,2025-06-20,161.75,refunded,web
O00705,C0252,2025-06-26,111.15,refunded,web
O00706,C0307,2025-04-03,108.62,cancelled,ios
O00707,C0445,2025-03-08,72.68,completed,ios
O00708,C0263,2025-05-28,70.86,completed,web
O00709,C0298,2025-01-15,160.51,completed,web
O00710,C0028,2025-03-11,173.0,completed,web
O00711,C0149,2025-03-16,0.0,completed,web
O00712,C0307,2025-02-12,93.95,completed,android
O00713,C0410,2025-03-19,107.52,cancelled,android
O00714,C0181,2025-02-06,212.0,cancelled,ios
O00715,C0191,2025-05-05,4.98,completed,web
O00716,C0258,2025-02-26,190.98,cancelled,android
O00717,C0354,2025-05-15,173.78,completed,ios
O00718,C0236,2025-01-20,42.0,completed,web
O00719,C0246,2025-03-31,98.52,cancelled,android
O00720,C0391,2025-03-29,172.73,completed,web
O00721,C0382,2025-01-31,140.44,completed,ios
O00722,C0065,2025-02-23,236.52,completed,ios
O00723,C0354,2025-01-29,211.47,completed,web
O00724,C0056,2025-01-09,168.61,cancelled,android
O00725,C0031,2025-05-01,153.62,completed,web
O00726,C0401,2025-02-01,151.15,completed,android
O00727,C0462,2025-02-21,142.25,completed,android
O00728,C0179,2025-04-01,171.22,cancelled,android
O00729,C0314,2025-03-03,97.44,completed,android
O00730,C0112,2025-02-19,119.3,completed,android
O00731,C0003,2025-01-26,240.0,refunded,ios
O00732,C0358,2025-05-31,58.13,completed,web
O00733,C0428,2025-04-01,182.6,refunded,web
O00734,C0390,2025-03-22,112.61,completed,android
O00735,C0070,2025-05-07,127.22,completed,web
O00736,C0168,2025-05-07,26.56,completed,ios
O00737,C0308,2025-03-21,75.66,refunded,ios
O00738,C0438,2025-04-20,13.8,completed,ios
O00739,C0481,2025-06-23,113.52,completed,ios
O00740,C0225,2025-05-14,127.12,completed,web
O00741,C0074,2025-04-12,54.95,completed,web
O00742,C0187,2025-02-20,166.88,cancelled,ios
O00743,C0063,2025-03-01,170.7,cancelled,android
O00744,C0140,2025-06-14,37.97,completed,ios
O00745,C0342,2025-06-04,289.01,completed,ios
O00746,C0056,2025-02-01,65.25,refunded,web
O00747,C0322,2025-02-04,216.47,refunded,android
O00748,C0014,2025-02-15,138.23,completed,web
O00749,C0156,2025-06-09,47.51,cancelled,ios
O00750,C0406,2025-04-30,49.11,refunded,ios
O00751,C0259,2025-03-08,14.6,completed,web
O00752,C0221,2025-01-31,91.21,completed,ios
O00753,C0227,2025-04-28,156.48,completed,android
O00754,C0085,2025-05-06,128.39,completed,android
O00755,C0200,2025-05-05,126.84,cancelled,android
O00756,C0277,2025-05-27,42.47,cancelled,web
O00757,C0260,2025-01-15,65.6,cancelled,android
O00758,C0181,2025-03-14,164.21,completed,android
O00759,C0024,2025-02-02,148.87,completed,android
O00760,C0175,2025-04-08,72.51,completed,ios
O00761,C0211,2025-03-31,162.11,completed,android
O00762,C0044,2025-06-26,135.59,completed,web
O00763,C0173,2025-02-13,172.9,refunded,android
O00764,C0264,2025-04-18,126.59,refunded,android
O00765,C0012,2025-03-23,77.08,refunded,web
O00766,C0354,2025-06-22,161.47,refunded,android
O00767,C0416,2025-06-20,75.79,refunded,web
O00768,C0255,2025-06-12,190.11,completed,android
O00769,C0110,2025-03-15,115.21,completed,android
O00770,C0381,2025-01-24,170.18,cancelled,web
O00771,C0304,2025-03-28,108.65,refunded,web
O00772,C0178,2025-01-20,196.74,completed,android
O00773,C0412,2025-03-18,51.78,refunded,ios
O00774,C0320,2025-05-12,150.59,cancelled,web
O00775,C0452,2025-01-05,69.79,refunded,web
O00776,C0339,2025-04-30,67.97,cancelled,android
O00777,C0437,2025-04-22,208.6,completed,ios
O00778,C0237,2025-02-07,81.42,completed,ios
O00779,C0211,2025-03-23,204.27,refunded,ios
O00780,C0422,2025-03-15,18.38,completed,android
O00781,C0308,2025-03-02,95.54,completed,ios
O00782,C0238,2025-05-05,136.43,refunded,ios
O00783,C0332,2025-01-10,134.23,completed,android
O00784,C0282,2025-02-15,165.72,completed,android
O00785,C0249,2025-01-06,240.15,completed,web
O00786,C0462,2025-04-15,163.54,completed,ios
O00787,C0483,2025-02-05,126.84,completed,android
O00788,C0341,2025-05-29,197.76,cancelled,ios
O00789,C0255,2025-01-24,122.29,completed,android
O00790,C0378,2025-04-10,150.56,completed,ios
O00791,C0112,2025-02-06,152.62,refunded,ios
O00792,C0442,2025-05-31,145.9,cancelled,ios
O00793,C0359,2025-01-29,94.44,completed,web
O00794,C0186,2025-05-02,177.58,completed,web
O00795,C0331,2025-06-05,216.06,completed,android
O00796,C0470,2025-06-21,141.35,cancelled,ios
O00797,C0159,2025-06-13,175.04,completed,android
O00798,C0444,2025-03-02,105.31,refunded,web
O00799,C0466,2025-04-11,240.49,completed,ios
O00800,C0108,2025-02-11,60.98,completed,android
O00801,C0209,2025-01-09,116.31,refunded,ios
O00802,C0378,2025-04-16,144.24,completed,android
O00803,C0217,2025-01-26,161.87,completed,ios
O00804,C0309,2025-05-21,37.06,refunded,android
O00805,C0015,2025-01-14,95.88,completed,web
O00806,C0206,2025-02-21,90.33,completed,android
O00807,C0043,2025-01-29,159.58,completed,android
O00808,C0352,2025-04-16,180.53,completed,ios
O00809,C0245,2025-02-04,113.86,completed,web
O00810,C0044,2025-04-17,211.3,refunded,ios
O00811,C0484,2025-05-27,143.3,cancelled,android
O00812,C0118,2025-01-23,264.08,completed,ios
O00813,C0360,2025-02-13,199.2,completed,web
O00814,C0491,2025-04-05,145.61,cancelled,web
O00815,C0008,2025-05-15,0.0,refunded,web
O00816,C0115,2025-02-22,173.43,completed,ios
O00817,C0383,2025-05-07,72.97,completed,ios
O00818,C0373,2025-06-23,163.03,completed,ios
O00819,C0406,2025-02-07,281.32,refunded,web
O00820,C0190,2025-05-30,149.49,refunded,web
O00821,C0006,2025-05-01,155.51,completed,android
O00822,C0197,2025-04-19,159.37,completed,web
O00823,C0049,2025-05-23,170.35,completed,android
O00824,C0481,2025-06-21,139.48,cancelled,android
O00825,C0384,2025-01-12,191.07,refunded,android
O00826,C0190,2025-02-03,122.39,cancelled,web
O00827,C0298,2025-02-15,115.41,refunded,web
O00828,C0046,2025-03-23,190.88,refunded,web
O00829,C0134,2025-01-30,55.62,completed,android
O00830,C0185,2025-04-21,273.32,completed,android
O00831,C0425,2025-03-09,56.17,refunded,web
O00832,C0285,2025-06-18,113.17,refunded,web
O00833,C0097,2025-02-08,155.94,completed,android
O00834,C0240,2025-04-22,132.83,refunded,web
O00835,C0227,2025-04-02,196.78,completed,android
O00836,C0444,2025-02-07,114.6,completed,web
O00837,C0445,2025-03-14,135.37,completed,android
O00838,C0457,2025-06-19,153.02,cancelled,web
O00839,C0270,2025-05-27,177.04,refunded,android
O00840,C0049,2025-03-26,242.35,completed,ios
O00841,C0192,2025-06-01,145.64,completed,web
O00842,C0236,2025-06-18,107.76,completed,android
O00843,C0337,2025-01-02,111.4,refunded,ios
O00844,C0486,2025-05-26,135.78,completed,android
O00845,C0145,2025-03-24,149.5,cancelled,ios
O00846,C0048,2025-04-13,25.48,completed,ios
O00847,C0046,2025-01-06,141.46,completed,android
O00848,C0386,2025-06-17,91.36,completed,ios
O00849,C0411,2025-04-21,108.01,cancelled,web
O00850,C0184,2025-06-20,0.0,completed,android
O00851,C0103,2025-05-06,63.99,cancelled,ios
O00852,C0047,2025-04-19,139.99,cancelled,web
O00853,C0223,2025-06-11,104.59,refunded,android
O00854,C0115,2025-06-15,127.73,completed,ios
O00855,C0270,2025-06-11,104.88,completed,ios
O00856,C0154,2025-02-08,99.93,completed,web
O00857,C0268,2025-04-20,114.71,completed,android
O00858,C0056,2025-05-11,138.0,completed,ios
O00859,C0339,2025-05-26,141.63,cancelled,web
O00860,C0059,2025-06-19,68.09,completed,ios
O00861,C0024,2025-01-22,39.0,refunded,android
O00862,C0231,2025-06-09,167.05,completed,web
O00863,C0109,2025-02-17,270.14,completed,ios
O00864,C0274,2025-01-05,-200.37,completed,web
O00865,C0088,2025-06-17,28.89,cancelled,android
O00866,C0250,2025-03-19,133.19,cancelled,ios
O00867,C0354,2025-06-22,207.57,completed,web
O00868,C0070,2025-01-04,99.35,completed,android
O00869,C0497,2025-02-18,146.01,completed,ios
O00870,C0432,2025-06-10,88.16,cancelled,web
O00871,C0045,2025-03-19,124.2,completed,web
O00872,C0463,2025-02-09,86.28,refunded,ios
O00873,C0242,2025-01-06,170.66,cancelled,ios
O00874,C0027,2025-03-27,-58.6,refunded,ios
O00875,C0435,2025-05-07,113.45,completed,web
O00876,C0250,2025-04-13,39.5,cancelled,android
O00877,C0314,2025-06-23,219.83,completed,android
O00878,C0010,2025-04-19,52.22,cancelled,web
O00879,C0138,2025-06-15,61.06,completed,ios
O00880,C0358,2025-04-22,153.8,completed,android
O00881,C0099,2025-05-01,95.75,completed,android
O00882,C0437,2025-06-18,156.24,completed,android
O00883,C0365,2025-04-10,229.93,completed,ios
O00884,C0410,2025-02-11,91.63,completed,android
O00885,C0384,2025-01-23,104.29,cancelled,ios
O00886,C0052,2025-04-17,92.64,refunded,ios
O00887,C0121,2025-02-23,0.0,completed,ios
O00888,C0347,2025-02-10,40.36,cancelled,web
O00889,C0414,2025-01-17,104.54,cancelled,web
O00890,C0250,2025-03-08,145.14,completed,web
O00891,C0395,2025-05-23,116.23,cancelled,android
O00892,C0343,2025-01-27,154.15,refunded,ios
O00893,C0493,2025-01-29,223.35,completed,android
O00894,C0022,2025-05-10,103.4,completed,web
O00895,C0467,2025-04-03,147.5,cancelled,ios
O00896,C0376,2025-01-26,161.61,completed,ios
O00897,C0420,2025-02-05,148.85,completed,web
O00898,C0428,2025-05-02,148.13,cancelled,web
O00899,C0044,2025-03-10,50.01,completed,web
O00900,C0386,2025-05-16,192.28,completed,web
O00901,C0411,2025-04-20,67.32,cancelled,android
O00902,C0186,2025-01-08,151.87,completed,android
O00903,C0413,2025-05-13,143.69,completed,ios
O00904,C0032,2025-04-11,111.24,completed,android
O00905,C0030,2025-06-11,226.65,completed,ios
O00906,C0206,2025-06-24,106.56,completed,android
O00907,C0381,2025-03-22,126.36,cancelled,android
O00908,C0472,2025-02-07,115.92,refunded,android
O00909,C0106,2025-05-20,60.89,completed,android
O00910,C0208,2025-02-20,61.36,completed,web
O00911,C0276,2025-03-27,46.35,cancelled,android
O00912,C0146,2025-02-24,180.93,cancelled,ios
O00913,C0267,2025-03-29,121.57,cancelled,android
O00914,C0133,2025-03-03,84.6,completed,android
O00915,C0217,2025-05-10,136.22,cancelled,ios
O00916,C0064,2025-01-13,133.49,completed,ios
O00917,C0153,2025-05-27,114.56,cancelled,android
O00918,C0366,2025-06-10,54.3,cancelled,web
O00919,C0180,2025-03-18,97.36,completed,android
O00920,C0194,2025-05-14,222.7,completed,ios
O00921,C0265,2025-05-30,156.79,completed,android
O00922,C0218,2025-04-16,217.47,completed,ios
O00923,C0455,2025-02-03,55.5,cancelled,ios
O00924,C0302,2025-05-24,129.7,refunded,ios
O00925,C0300,2025-05-08,0.0,refunded,android
O00926,C0499,2025-04-17,0.0,completed,android
O00927,C0066,2025-05-05,112.37,cancelled,web
O00928,C0356,2025-02-24,89.35,completed,android
O00929,C0081,2025-05-24,19.3,refunded,web
O00930,C0062,2025-04-05,228.14,completed,android
O00931,C0079,2025-01-31,0.0,refunded,web
O00932,C0406,2025-02-06,253.11,cancelled,ios
O00933,C0025,2025-03-20,152.06,refunded,web
O00934,C0063,2025-05-21,93.16,completed,ios
O00935,C0247,2025-05-27,95.88,refunded,ios
O00936,C0428,2025-06-05,181.27,completed,android
O00937,C0326,2025-04-28,126.53,completed,web
O00938,C0410,2025-06-09,31.23,refunded,ios
O00939,C0120,2025-04-12,110.25,refunded,android
O00940,C0143,2025-06-15,135.58,completed,android
O00941,C0013,2025-05-27,49.47,completed,android
O00942,C0287,2025-01-22,44.79,cancelled,android
O00943,C0296,2025-01-14,190.27,cancelled,web
O00944,C0062,2025-06-18,100.68,completed,web
O00945,C0141,2025-02-22,122.78,refunded,web
O00946,C0414,2025-05-17,213.79,refunded,android
O00947,C0024,2025-05-06,128.42,refunded,web
O00948,C0441,2025-05-16,110.07,completed,web
O00949,C0059,2025-01-26,72.5,completed,web
O00950,C0158,2025-04-15,107.24,completed,android
O00951,C0493,2025-03-25,159.59,completed,ios
O00952,C0073,2025-04-16,206.18,completed,ios
O00953,C0483,2025-01-31,162.07,completed,ios
O00954,C0261,2025-05-10,134.22,completed,ios
O00955,C0032,2025-03-23,60.15,refunded,android
O00956,C0120,2025-01-05,133.45,cancelled,android
O00957,C0052,2025-03-05,127.1,cancelled,ios
O00958,C0229,2025-01-22,33.16,cancelled,web
O00959,C0401,2025-02-06,0.0,cancelled,ios
O00960,C0493,2025-05-23,244.57,completed,ios
O00961,C0493,2025-06-08,-80.82,refunded,ios
O00962,C0307,2025-03-06,275.66,refunded,ios
O00963,C0432,2025-06-11,146.67,completed,android
O00964,C0274,2025-05-25,231.87,completed,ios
O00965,C0358,2025-02-01,166.72,refunded,web
O00966,C0313,2025-05-10,35.65,completed,android
O00967,C0485,2025-03-29,9.4,completed,web
O00968,C0340,2025-03-24,0.0,refunded,android
O00969,C0169,2025-01-05,147.57,cancelled,ios
O00970,C0003,2025-01-03,103.46,refunded,android
O00971,C0459,2025-06-28,90.58,completed,android
O00972,C0016,2025-06-21,22.62,completed,ios
O00973,C0498,2025-04-07,146.42,completed,web
O00974,C0237,2025-04-05,70.08,refunded,web
O00975,C0114,2025-01-06,124.79,completed,web
O00976,C0418,2025-06-07,29.48,completed,web
O00977,C0253,2025-04-03,188.06,cancelled,web
O00978,C0004,2025-02-20,136.02,refunded,web
O00979,C0446,2025-03-13,56.46,cancelled,android
O00980,C0350,2025-06-04,90.54,completed,android
O00981,C0066,2025-01-17,217.28,cancelled,android
O00982,C0401,2025-03-12,220.3,completed,android
O00983,C0348,2025-05-17,51.79,completed,ios
O00984,C0329,2025-06-22,60.28,completed,ios
O00985,C0222,2025-04-15,106.37,completed,android
O00986,C0389,2025-01-12,209.57,completed,web
O00987,C0143,2025-04-18,68.76,completed,web
O00988,C0451,2025-05-27,109.42,completed,android
O00989,C0217,2025-01-20,154.45,completed,android
O00990,C0321,2025-01-25,100.21,refunded,web
O00991,C0304,2025-06-10,225.53,refunded,web
O00992,C0491,2025-03-29,74.38,completed,android
O00993,C0407,2025-03-02,217.29,completed,android
O00994,C0229,2025-05-29,83.97,completed,web
O00995,C0194,2025-03-22,191.11,completed,ios
O00996,C0029,2025-03-19,61.23,refunded,web
O00997,C0053,2025-06-23,138.45,refunded,web
O00998,C0317,2025-04-16,126.75,cancelled,android
O00999,C0320,2025-01-03,55.82,cancelled,android
O01000,C0052,2025-03-28,139.34,completed,ios
O01001,C0265,2025-03-26,95.57,completed,android
O01002,C0405,2025-02-19,104.96,completed,android
O01003,C0261,2025-03-07,77.72,completed,web
O01004,C0071,2025-01-12,174.23,completed,android
O01005,C0224,2025-05-12,217.34,cancelled,web
O01006,C0076,2025-05-01,94.84,completed,ios
O01007,C0189,2025-01-03,32.69,completed,android
O01008,C0420,2025-05-24,110.26,refunded,ios
O01009,C0101,2025-02-21,94.47,completed,android
O01010,C0244,2025-06-27,88.92,refunded,android
O01011,C0355,2025-03-26,166.36,completed,ios
O01012,C0169,2025-02-11,57.85,completed,ios
O01013,C0113,2025-01-01,60.66,completed,web
O01014,C0247,2025-03-26,49.39,refunded,web
O01015,C0205,2025-02-17,-123.21,completed,web
O01016,C0285,2025-01-30,113.81,refunded,web
O01017,C0324,2025-05-30,168.36,completed,web
O01018,C0146,2025-02-14,90.45,completed,android
O01019,C0090,2025-03-28,145.93,completed,ios
O01020,C0467,2025-01-26,83.12,completed,ios
O01021,C0336,2025-01-29,98.27,completed,ios
O01022,C0339,2025-02-13,155.03,cancelled,ios
O01023,C0450,2025-01-17,211.36,completed,web
O01024,C0273,2025-04-07,204.17,completed,android
O01025,C0220,2025-06-12,120.63,completed,android
O01026,C0151,2025-02-08,138.44,completed,android
O01027,C0408,2025-03-13,201.73,refunded,web
O01028,C0373,2025-01-21,36.03,cancelled,web
O01029,C0086,2025-05-11,25.29,completed,ios
O01030,C0266,2025-04-29,200.26,completed,android
O01031,C0356,2025-05-04,104.98,refunded,android
O01032,C0472,2025-05-30,51.51,completed,web
O01033,C0459,2025-02-21,78.12,refunded,ios
O01034,C0293,2025-02-10,133.0,completed,ios
O01035,C0282,2025-01-22,136.7,completed,web
O01036,C0299,2025-01-11,138.79,cancelled,ios
O01037,C0219,2025-04-26,59.74,completed,ios
O01038,C0196,2025-01-07,132.46,completed,ios
O01039,C0331,2025-01-20,104.25,cancelled,android
O01040,C0330,2025-01-21,139.26,completed,web
O01041,C0061,2025-01-19,71.85,completed,ios
O01042,C0155,2025-06-24,178.03,completed,android
O01043,C0310,2025-02-05,220.25,completed,web
O01044,C0395,2025-03-18,119.0,completed,ios
O01045,C0485,2025-04-14,164.09,cancelled,web
O01046,C0444,2025-04-12,29.08,completed,ios
O01047,C0120,2025-05-13,54.99,refunded,ios
O01048,C0406,2025-01-22,80.44,completed,ios
O01049,C0395,2025-06-28,63.95,completed,ios
O01050,C0072,2025-05-28,151.88,completed,android
O01051,C0005,2025-05-08,162.15,refunded,ios
O01052,C0352,2025-04-14,14.33,cancelled,ios
O01053,C0167,2025-05-31,224.14,completed,ios
O01054,C0291,2025-06-11,135.32,cancelled,android
O01055,C0444,2025-04-11,160.24,cancelled,ios
O01056,C0097,2025-05-02,114.96,cancelled,ios
O01057,C0328,2025-03-19,143.47,completed,android
O01058,C0309,2025-05-06,135.57,completed,web
O01059,C0467,2025-04-09,110.78,completed,ios
O01060,C0030,2025-04-05,162.72,completed,ios
O01061,C0441,2025-04-16,0.0,refunded,ios
O01062,C0381,2025-01-18,234.6,completed,web
O01063,C0446,2025-02-22,79.39,completed,android
O01064,C0295,2025-03-21,223.02,cancelled,android
O01065,C0351,2025-04-28,118.83,completed,ios
O01066,C0310,2025-03-05,127.24,cancelled,ios
O01067,C0236,2025-04-29,32.91,refunded,ios
O01068,C0359,2025-03-18,74.84,completed,ios
O01069,C0128,2025-02-15,198.9,completed,android
O01070,C0292,2025-01-25,62.65,completed,web
O01071,C0454,2025-02-10,107.44,completed,android
O01072,C0372,2025-02-25,203.45,refunded,android
O01073,C0063,2025-04-05,145.08,completed,ios
O01074,C0231,2025-02-12,133.09,cancelled,web
O01075,C0237,2025-01-07,202.8,refunded,ios
O01076,C0382,2025-04-13,161.01,refunded,web
O01077,C0006,2025-03-06,220.62,refunded,ios
O01078,C0237,2025-01-18,208.36,completed,android
O01079,C0487,2025-04-23,190.74,completed,web
O01080,C0311,2025-01-26,205.79,completed,android
O01081,C0380,2025-04-11,163.88,completed,web
O01082,C0226,2025-04-02,198.02,completed,android
O01083,C0273,2025-02-25,102.46,cancelled,android
O01084,C0340,2025-06-18,126.68,refunded,android
O01085,C0158,2025-04-24,125.49,completed,web
O01086,C0192,2025-03-03,121.88,completed,ios
O01087,C0015,2025-01-04,99.6,completed,web
O01088,C0409,2025-06-20,153.47,completed,web
O01089,C0213,2025-05-12,161.65,completed,android
O01090,C0107,2025-05-19,153.44,refunded,web
O01091,C0119,2025-02-24,161.72,completed,web
O01092,C0200,2025-02-24,152.74,completed,android
O01093,C0418,2025-03-13,86.14,completed,ios
O01094,C0155,2025-06-03,73.43,completed,android
O01095,C0275,2025-05-26,191.85,refunded,android
O01096,C0474,2025-06-27,253.57,completed,android
O01097,C0390,2025-06-26,71.46,completed,web
O01098,C0312,2025-05-30,226.67,cancelled,android
O01099,C0380,2025-03-01,26.32,completed,android
O01100,C0389,2025-02-01,117.99,refunded,web
O01101,C0318,2025-01-21,174.05,completed,ios
O01102,C0105,2025-06-14,141.37,cancelled,ios
O01103,C0379,2025-03-26,154.87,completed,android
O01104,C0406,2025-04-17,159.18,completed,web
O01105,C0118,2025-03-26,97.59,completed,android
O01106,C0357,2025-02-26,154.01,refunded,android
O01107,C0165,2025-02-16,113.82,completed,web
O01108,C0027,2025-06-12,122.34,completed,web
O01109,C0047,2025-02-14,25.45,completed,android
O01110,C0041,2025-04-20,57.78,completed,web
O01111,C0370,2025-02-20,121.19,completed,android
O01112,C0230,2025-06-12,157.37,refunded,web
O01113,C0487,2025-04-03,90.82,cancelled,android
O01114,C0377,2025-04-21,141.7,refunded,web
O01115,C0391,2025-04-08,97.54,completed,android
O01116,C0276,2025-02-09,131.02,completed,ios
O01117,C0195,2025-04-29,103.17,refunded,web
O01118,C0171,2025-02-04,165.98,completed,web
O01119,C0470,2025-02-18,239.3,completed,ios
O01120,C0208,2025-04-17,123.13,completed,ios
O01121,C0251,2025-03-20,69.45,completed,web
O01122,C0198,2025-05-25,58.07,refunded,ios
O01123,C0395,2025-03-31,50.64,completed,android
O01124,C0198,2025-04-19,115.81,completed,ios
O01125,C0018,2025-04-03,58.69,completed,ios
O01126,C0310,2025-04-27,53.93,completed,ios
O01127,C0127,2025-06-04,42.05,completed,web
O01128,C0330,2025-04-09,78.2,cancelled,web
O01129,C0266,2025-02-18,145.71,completed,android
O01130,C0496,2025-05-17,94.61,refunded,android
O01131,C0158,2025-04-16,122.11,completed,android
O01132,C0294,2025-03-30,0.0,completed,android
O01133,C0108,2025-04-12,117.86,refunded,web
O01134,C0050,2025-01-18,113.54,refunded,android
O01135,C0214,2025-06-17,104.8,completed,android
O01136,C0069,2025-02-20,181.87,cancelled,web
O01137,C0231,2025-05-26,135.13,completed,web
O01138,C0133,2025-04-15,84.65,cancelled,web
O01139,C0445,2025-06-12,145.14,completed,web
O01140,C0176,2025-01-08,163.2,refunded,ios
O01141,C0345,2025-01-26,167.11,cancelled,web
O01142,C0050,2025-02-24,122.82,completed,ios
O01143,C0309,2025-05-14,221.23,refunded,ios
O01144,C0310,2025-04-20,111.65,completed,ios
O01145,C0419,2025-03-03,202.72,completed,ios
O01146,C0448,2025-03-26,87.85,completed,ios
O01147,C0446,2025-06-28,27.03,completed,android
O01148,C0063,2025-05-16,185.94,completed,ios
O01149,C0232,2025-06-08,72.71,completed,web
O01150,C0327,2025-03-24,8.44,completed,web
O01151,C0497,2025-03-25,100.85,cancelled,web
O01152,C0179,2025-04-20,80.65,refunded,android
O01153,C0439,2025-06-29,200.86,completed,android
O01154,C0074,2025-05-14,65.2,cancelled,web
O01155,C0066,2025-05-08,134.73,cancelled,ios
O01156,C0087,2025-04-25,71.37,refunded,android
O01157,C0277,2025-03-03,121.53,completed,web
O01158,C0223,2025-01-08,156.65,completed,ios
O01159,C0393,2025-03-13,128.57,completed,android
O01160,C0070,2025-05-17,165.51,refunded,web
O01161,C0408,2025-06-27,98.77,cancelled,web
O01162,C0330,2025-03-29,157.06,refunded,android
O01163,C0329,2025-05-24,182.87,completed,web
O01164,C0149,2025-01-23,106.46,completed,android
O01165,C0304,2025-02-18,118.99,completed,ios
O01166,C0296,2025-01-01,90.21,cancelled,android
O01167,C0098,2025-04-10,172.24,completed,android
O01168,C0340,2025-06-04,113.35,completed,ios
O01169,C0005,2025-05-18,151.36,completed,web
O01170,C0256,2025-06-24,78.16,cancelled,ios
O01171,C0075,2025-06-20,185.64,completed,ios
O01172,C0258,2025-06-26,28.6,cancelled,ios
O01173,C0324,2025-02-25,26.4,completed,web
O01174,C0424,2025-02-23,122.93,completed,android
O01175,C0377,2025-01-14,211.93,refunded,ios
O01176,C0418,2025-06-18,71.81,completed,web
O01177,C0281,2025-04-11,72.85,refunded,ios
O01178,C0037,2025-05-16,197.03,completed,android
O01179,C0473,2025-02-19,97.14,completed,android
O01180,C0444,2025-01-14,47.93,completed,ios
O01181,C0336,2025-02-11,62.67,completed,web
O01182,C0112,2025-02-20,89.8,completed,ios
O01183,C0372,2025-05-28,204.41,refunded,ios
O01184,C0348,2025-02-13,182.92,completed,ios
O01185,C0499,2025-05-02,128.43,completed,android
O01186,C0223,2025-02-08,137.81,refunded,web
O01187,C0018,2025-01-31,123.99,completed,android
O01188,C0382,2025-04-07,189.37,completed,ios
O01189,C0443,2025-06-16,57.37,completed,web
O01190,C0060,2025-01-22,177.28,cancelled,web
O01191,C0012,2025-05-31,49.85,completed,android
O01192,C0093,2025-04-09,85.37,refunded,ios
O01193,C0293,2025-02-02,137.63,cancelled,web
O01194,C0208,2025-06-29,132.71,cancelled,android
O01195,C0402,2025-05-16,47.61,completed,web
O01196,C0495,2025-06-18,125.21,completed,android
O01197,C0356,2025-02-16,185.3,completed,web
O01198,C0295,2025-02-22,122.19,completed,android
O01199,C0132,2025-01-09,146.7,cancelled,web
O01200,C0217,2025-06-18,-135.7,completed,web
O01201,C0485,2025-05-13,161.29,completed,android
O01202,C0252,2025-06-27,91.79,completed,android
O01203,C0276,2025-05-11,126.84,completed,web
O01204,C0097,2025-02-06,146.53,completed,web
O01205,C0309,2025-05-22,131.98,cancelled,ios
O01206,C0039,2025-05-21,175.31,refunded,android
O01207,C0463,2025-02-11,99.76,refunded,android
O01208,C0074,2025-05-18,134.7,completed,android
O01209,C0357,2025-06-15,140.42,cancelled,android
O01210,C0084,2025-04-18,174.17,completed,ios
O01211,C0195,2025-01-07,164.1,cancelled,web
O01212,C0351,2025-05-21,109.86,completed,android
O01213,C0046,2025-04-03,207.64,completed,ios
O01214,C0006,2025-01-26,63.8,completed,ios
O01215,C0488,2025-01-27,126.29,completed,android
O01216,C0421,2025-05-06,89.84,completed,android
O01217,C0293,2025-03-14,42.21,completed,ios
O01218,C0485,2025-04-10,93.89,cancelled,android
O01219,C0305,2025-04-14,-88.98,cancelled,android
O01220,C0080,2025-06-18,124.54,refunded,android
O01221,C0377,2025-03-10,211.2,completed,android
O01222,C0312,2025-04-18,151.46,completed,ios
O01223,C0182,2025-04-30,71.8,completed,ios
O01224,C0326,2025-01-23,119.32,refunded,ios
O01225,C0433,2025-01-24,104.11,completed,web
O01226,C0295,2025-01-15,102.05,completed,android
O01227,C0476,2025-05-07,123.15,cancelled,android
O01228,C0070,2025-05-03,111.79,cancelled,android
O01229,C0064,2025-04-14,158.82,completed,android
O01230,C0218,2025-06-29,123.4,completed,web
O01231,C0379,2025-06-19,226.44,cancelled,android
O01232,C0312,2025-01-11,86.06,completed,android
O01233,C0477,2025-05-15,150.6,completed,android
O01234,C0181,2025-01-14,98.86,refunded,web
O01235,C0192,2025-01-29,72.51,completed,ios
O01236,C0154,2025-05-04,196.99,completed,web
O01237,C0378,2025-06-11,81.85,cancelled,web
O01238,C0479,2025-04-29,102.39,refunded,web
O01239,C0183,2025-01-02,79.95,completed,ios
O01240,C0456,2025-02-17,84.45,completed,web
O01241,C0221,2025-05-06,143.83,refunded,web
O01242,C0468,2025-05-05,-189.67,completed,web
O01243,C0241,2025-04-12,79.78,cancelled,ios
O01244,C0056,2025-04-23,160.57,refunded,web
O01245,C0072,2025-04-01,119.88,completed,web
O01246,C0098,2025-03-14,113.52,refunded,ios
O01247,C0381,2025-03-26,148.82,refunded,android
O01248,C0137,2025-01-31,99.33,cancelled,ios
O01249,C0410,2025-06-24,108.18,refunded,android
O01250,C0372,2025-04-10,68.15,completed,web
O01251,C0065,2025-02-09,114.45,completed,android
O01252,C0425,2025-03-29,128.26,cancelled,android
O01253,C0005,2025-04-22,71.52,refunded,web
O01254,C0317,2025-02-09,126.07,completed,web
O01255,C0144,2025-01-30,246.71,refunded,web
O01256,C0243,2025-06-30,0.0,completed,android
O01257,C0374,2025-05-09,90.28,completed,web
O01258,C0062,2025-02-03,95.06,completed,web
O01259,C0476,2025-02-07,45.68,completed,ios
O01260,C0209,2025-05-15,157.1,completed,web
O01261,C0173,2025-04-20,48.96,completed,web
O01262,C0138,2025-04-04,129.34,completed,android
O01263,C0215,2025-03-05,112.04,completed,android
O01264,C0382,2025-03-24,136.96,refunded,ios
O01265,C0466,2025-06-05,150.93,completed,ios
O01266,C0156,2025-01-29,142.7,completed,android
O01267,C0283,2025-02-03,71.81,cancelled,android
O01268,C0310,2025-04-06,206.1,completed,web
O01269,C0300,2025-04-09,144.29,cancelled,web
O01270,C0022,2025-05-31,134.83,completed,web
O01271,C0361,2025-04-25,141.13,completed,ios
O01272,C0372,2025-05-02,109.32,completed,android
O01273,C0370,2025-02-09,157.67,completed,android
O01274,C0500,2025-03-30,130.64,refunded,android
O01275,C0368,2025-01-31,139.03,cancelled,web
O01276,C0086,2025-06-03,108.06,completed,ios
O01277,C0024,2025-05-25,269.24,refunded,ios
O01278,C0351,2025-05-17,179.95,completed,web
O01279,C0225,2025-05-11,42.12,completed,web
O01280,C0095,2025-01-01,189.4,completed,android
O01281,C0357,2025-01-03,196.96,cancelled,ios
O01282,C0156,2025-02-26,46.95,completed,android
O01283,C0061,2025-02-13,132.08,completed,ios
O01284,C0475,2025-02-04,193.11,completed,android
O01285,C0128,2025-02-23,116.9,cancelled,ios
O01286,C0167,2025-01-22,119.32,cancelled,ios
O01287,C0370,2025-02-04,50.8,completed,android
O01288,C0418,2025-01-03,164.93,completed,android
O01289,C0495,2025-03-13,191.14,cancelled,web
O01290,C0370,2025-06-26,263.46,completed,android
O01291,C0325,2025-06-04,15.05,completed,web
O01292,C0298,2025-06-11,85.26,refunded,web
O01293,C0229,2025-03-01,111.9,refunded,web
O01294,C0254,2025-02-16,56.51,completed,web
O01295,C0292,2025-05-06,155.48,completed,web
O01296,C0454,2025-02-15,106.81,cancelled,web
O01297,C0036,2025-02-06,160.48,refunded,web
O01298,C0371,2025-05-15,139.69,completed,android
O01299,C0052,2025-04-07,98.39,completed,web
O01300,C0128,2025-01-22,139.3,cancelled,web
O01301,C0406,2025-01-03,147.45,completed,android
O01302,C0044,2025-02-21,112.51,cancelled,ios
O01303,C0418,2025-02-11,95.83,cancelled,android
O01304,C0137,2025-06-10,184.1,completed,web
O01305,C0053,2025-05-20,99.21,completed,web
O01306,C0468,2025-02-27,188.75,refunded,ios
O01307,C0076,2025-04-01,95.95,refunded,android
O01308,C0453,2025-01-29,84.43,completed,web
O01309,C0053,2025-03-14,68.2,completed,web
O01310,C0310,2025-02-08,184.82,cancelled,ios
O01311,C0308,2025-02-16,105.31,completed,android
O01312,C0419,2025-03-15,89.08,completed,ios
O01313,C0470,2025-05-08,46.56,completed,web
O01314,C0442,2025-02-08,1.44,completed,ios
O01315,C0076,2025-04-10,18.83,completed,web
O01316,C0296,2025-04-20,155.21,completed,web
O01317,C0047,2025-03-24,158.0,completed,ios
O01318,C0218,2025-05-04,118.75,refunded,android
O01319,C0407,2025-06-12,65.92,completed,ios
O01320,C0215,2025-05-21,213.49,cancelled,ios
O01321,C0273,2025-05-18,145.65,refunded,android
O01322,C0296,2025-06-27,66.73,completed,android
O01323,C0045,2025-03-02,93.88,completed,android
O01324,C0243,2025-02-04,150.89,completed,ios
O01325,C0185,2025-02-05,110.72,refunded,web
O01326,C0108,2025-02-27,152.16,completed,web
O01327,C0493,2025-06-28,103.34,refunded,ios
O01328,C0028,2025-06-29,64.01,cancelled,web
O01329,C0245,2025-06-02,130.2,completed,web
O01330,C0040,2025-01-04,109.2,refunded,web
O01331,C0392,2025-02-16,87.63,completed,ios
O01332,C0211,2025-03-28,126.23,completed,ios
O01333,C0057,2025-02-09,200.01,completed,android
O01334,C0083,2025-01-03,151.68,refunded,android
O01335,C0486,2025-04-27,13.61,cancelled,ios
O01336,C0364,2025-02-28,82.33,completed,ios
O01337,C0499,2025-01-24,0.0,completed,ios
O01338,C0317,2025-01-15,97.68,completed,android
O01339,C0500,2025-05-24,101.0,refunded,ios
O01340,C0335,2025-06-14,105.25,refunded,web
O01341,C0028,2025-04-06,96.12,completed,ios
O01342,C0309,2025-03-27,88.55,completed,web
O01343,C0278,2025-01-28,194.19,completed,web
O01344,C0283,2025-02-21,152.28,completed,web
O01345,C0138,2025-01-22,196.56,refunded,web
O01346,C0025,2025-03-22,108.69,completed,web
O01347,C0183,2025-03-14,188.31,refunded,android
O01348,C0183,2025-02-03,101.88,completed,ios
O01349,C0209,2025-05-09,207.71,cancelled,ios
O01350,C0245,2025-05-31,184.57,completed,ios
O01351,C0083,2025-02-08,109.98,completed,web
O01352,C0414,2025-06-24,97.86,completed,android
O01353,C0265,2025-06-05,39.6,completed,ios
O01354,C0149,2025-04-03,7.28,refunded,web
O01355,C0457,2025-06-24,88.75,completed,web
O01356,C0291,2025-06-10,146.64,completed,web
O01357,C0074,2025-03-21,0.0,completed,ios
O01358,C0049,2025-04-27,73.85,completed,web
O01359,C0035,2025-03-13,70.32,refunded,ios
O01360,C0243,2025-03-07,94.09,refunded,android
O01361,C0474,2025-02-05,268.88,completed,ios
O01362,C0206,2025-04-15,60.87,completed,ios
O01363,C0188,2025-05-12,203.0,refunded,android
O01364,C0231,2025-03-09,0.0,completed,android
O01365,C0330,2025-01-15,117.47,completed,web
O01366,C0437,2025-01-27,75.11,completed,android
O01367,C0205,2025-01-19,140.59,completed,ios
O01368,C0240,2025-06-14,240.42,refunded,web
O01369,C0044,2025-02-16,104.69,refunded,web
O01370,C0206,2025-03-26,0.0,completed,android
O01371,C0249,2025-02-24,99.85,completed,android
O01372,C0080,2025-05-01,54.81,completed,ios
O01373,C0291,2025-01-09,223.21,completed,ios
O01374,C0243,2025-02-24,112.08,completed,android
O01375,C0217,2025-03-11,119.51,completed,ios
O01376,C0042,2025-03-18,157.34,refunded,ios
O01377,C0269,2025-02-24,97.51,completed,ios
O01378,C0176,2025-03-18,79.3,completed,ios
O01379,C0247,2025-05-02,17.58,refunded,ios
O01380,C0468,2025-06-27,96.76,completed,android
O01381,C0401,2025-06-02,150.52,completed,ios
O01382,C0341,2025-03-23,211.13,refunded,web
O01383,C0256,2025-03-23,240.09,cancelled,android
O01384,C0002,2025-04-26,224.02,completed,android
O01385,C0231,2025-06-13,146.67,completed,ios
O01386,C0357,2025-05-20,114.82,cancelled,ios
O01387,C0111,2025-03-31,129.78,completed,ios
O01388,C0417,2025-04-04,157.84,completed,android
O01389,C0420,2025-02-01,92.82,refunded,ios
O01390,C0181,2025-05-19,37.55,completed,web
O01391,C0475,2025-02-15,63.94,completed,android
O01392,C0224,2025-04-08,134.84,refunded,android
O01393,C0146,2025-06-29,20.64,completed,web
O01394,C0046,2025-06-16,26.25,refunded,web
O01395,C0255,2025-06-09,144.67,cancelled,web
O01396,C0342,2025-03-16,107.86,completed,web
O01397,C0398,2025-04-27,91.95,completed,ios
O01398,C0496,2025-04-29,110.58,refunded,web
O01399,C0482,2025-04-06,134.35,completed,ios
O01400,C0430,2025-04-17,50.04,completed,ios
O01401,C0017,2025-01-04,224.65,cancelled,android
O01402,C0308,2025-03-23,137.42,cancelled,ios
O01403,C0124,2025-05-23,158.71,completed,android
O01404,C0220,2025-02-02,113.49,refunded,android
O01405,C0089,2025-04-14,179.68,completed,android
O01406,C0411,2025-02-02,78.99,cancelled,ios
O01407,C0432,2025-06-10,219.03,completed,web
O01408,C0048,2025-01-24,62.82,completed,android
O01409,C0395,2025-06-01,167.63,completed,android
O01410,C0196,2025-01-07,188.28,completed,ios
O01411,C0325,2025-06-11,126.65,completed,ios
O01412,C0100,2025-05-18,82.02,refunded,ios
O01413,C0338,2025-01-14,98.09,cancelled,web
O01414,C0057,2025-04-28,258.55,completed,web
O01415,C0073,2025-03-14,117.15,completed,web
O01416,C0201,2025-01-26,157.77,completed,ios
O01417,C0038,2025-05-05,143.13,refunded,ios
O01418,C0325,2025-04-26,113.94,completed,ios
O01419,C0006,2025-02-15,74.44,completed,ios
O01420,C0178,2025-05-04,48.54,cancelled,android
O01421,C0003,2025-02-10,74.44,cancelled,web
O01422,C0275,2025-01-06,113.74,completed,web
O01423,C0444,2025-04-04,151.51,completed,web
O01424,C0373,2025-06-27,147.71,completed,ios
O01425,C0247,2025-02-21,173.17,completed,ios
O01426,C0382,2025-05-07,103.91,refunded,web
O01427,C0129,2025-02-14,157.34,refunded,web
O01428,C0299,2025-05-31,229.9,completed,android
O01429,C0250,2025-04-21,166.69,completed,android
O01430,C0056,2025-06-05,77.71,completed,android
O01431,C0181,2025-04-06,208.93,completed,android
O01432,C0130,2025-05-31,53.58,cancelled,android
O01433,C0487,2025-05-16,111.14,completed,ios
O01434,C0405,2025-02-17,131.84,completed,web
O01435,C0337,2025-04-06,47.64,completed,android
O01436,C0006,2025-03-26,195.17,cancelled,ios
O01437,C0461,2025-03-01,65.17,cancelled,web
O01438,C0053,2025-05-24,97.63,cancelled,android
O01439,C0039,2025-05-27,169.05,completed,ios
O01440,C0102,2025-02-20,80.79,refunded,ios
O01441,C0024,2025-03-12,92.82,completed,android
O01442,C0197,2025-03-02,134.67,completed,web
O01443,C0330,2025-05-28,251.8,refunded,web
O01444,C0459,2025-05-17,110.01,completed,ios
O01445,C0331,2025-01-05,144.31,completed,ios
O01446,C0163,2025-03-30,131.34,cancelled,ios
O01447,C0253,2025-06-06,168.32,refunded,android
O01448,C0496,2025-02-01,134.72,cancelled,web
O01449,C0015,2025-02-27,128.29,completed,android
O01450,C0371,2025-04-22,122.57,completed,web
O01451,C0371,2025-04-05,-150.09,completed,ios
O01452,C0453,2025-01-12,51.83,completed,web
O01453,C0136,2025-03-26,79.59,completed,web
O01454,C0299,2025-04-28,21.71,completed,web
O01455,C0386,2025-05-30,238.75,refunded,android
O01456,C0063,2025-05-14,18.96,cancelled,ios
O01457,C0339,2025-05-06,172.3,completed,web
O01458,C0136,2025-03-17,112.17,completed,android
O01459,C0428,2025-03-04,67.32,completed,web
O01460,C0498,2025-05-07,37.58,completed,android
O01461,C0111,2025-04-30,136.15,completed,android
O01462,C0390,2025-05-16,84.82,completed,ios
O01463,C0363,2025-04-27,54.73,completed,web
O01464,C0470,2025-04-04,23.59,refunded,android
O01465,C0263,2025-02-21,127.26,completed,android
O01466,C0158,2025-05-28,81.97,completed,ios
O01467,C0449,2025-01-28,118.61,completed,ios
O01468,C0015,2025-05-02,75.51,refunded,ios
O01469,C0136,2025-01-31,142.54,completed,ios
O01470,C0258,2025-04-21,108.86,completed,ios
O01471,C0140,2025-04-05,190.9,refunded,web
O01472,C0151,2025-02-18,170.04,cancelled,ios
O01473,C0272,2025-06-05,56.08,completed,web
O01474,C0113,2025-01-30,122.57,completed,android
O01475,C0137,2025-03-03,145.36,cancelled,android
O01476,C0367,2025-04-14,131.13,completed,web
O01477,C0376,2025-06-27,115.34,completed,android
O01478,C0148,2025-06-30,160.45,completed,web
O01479,C0095,2025-05-09,190.04,completed,web
O01480,C0162,2025-06-24,74.17,completed,ios
O01481,C0461,2025-04-27,126.04,completed,web
O01482,C0091,2025-03-09,127.47,completed,android
O01483,C0390,2025-01-03,0.0,refunded,web
O01484,C0242,2025-01-29,31.7,completed,android
O01485,C0349,2025-03-16,157.42,completed,web
O01486,C0052,2025-03-19,57.04,completed,ios
O01487,C0252,2025-03-31,166.19,completed,ios
O01488,C0007,2025-04-01,117.03,completed,android
O01489,C0397,2025-06-19,200.54,completed,ios
O01490,C0352,2025-05-13,18.76,completed,web
O01491,C0211,2025-02-26,102.12,completed,android
O01492,C0380,2025-06-28,92.07,completed,web
O01493,C0382,2025-01-23,171.6,completed,android
O01494,C0348,2025-05-20,260.13,refunded,android
O01495,C0090,2025-03-09,166.99,cancelled,ios
O01496,C0484,2025-03-12,90.32,completed,android
O01497,C0267,2025-06-29,74.31,refunded,android
O01498,C0496,2025-03-30,188.82,completed,ios
O01499,C0475,2025-06-25,174.62,completed,android
O01500,C0286,2025-06-20,192.4,refunded,ios
O01501,C0034,2025-03-17,137.27,cancelled,web
O01502,C0028,2025-05-06,121.7,refunded,ios
O01503,C0339,2025-01-01,151.07,cancelled,android
O01504,C0491,2025-05-24,130.07,completed,android
O01505,C0139,2025-02-06,159.7,completed,ios
O01506,C0113,2025-01-09,118.98,completed,web
O01507,C0416,2025-06-23,79.03,completed,ios
O01508,C0472,2025-03-19,72.3,completed,android
O01509,C0224,2025-06-23,197.09,completed,ios
O01510,C0070,2025-04-17,43.81,completed,ios
O01511,C0044,2025-03-18,42.88,refunded,ios
O01512,C0050,2025-02-05,85.67,completed,android
O01513,C0479,2025-06-25,104.3,refunded,ios
O01514,C0237,2025-01-08,54.41,completed,ios
O01515,C0046,2025-02-05,81.85,cancelled,ios
O01516,C0066,2025-06-08,86.28,cancelled,ios
O01517,C0028,2025-04-11,182.81,cancelled,ios
O01518,C0430,2025-01-14,183.55,completed,android
O01519,C0055,2025-03-27,27.55,completed,web
O01520,C0063,2025-05-30,57.73,completed,android
O01521,C0105,2025-05-13,180.81,completed,android
O01522,C0328,2025-02-09,197.54,completed,android
O01523,C0480,2025-01-02,148.72,completed,web
O01524,C0079,2025-06-04,41.19,cancelled,web
O01525,C0127,2025-02-22,130.67,refunded,web
O01526,C0475,2025-02-01,128.12,refunded,web
O01527,C0420,2025-03-02,161.13,refunded,android
O01528,C0316,2025-02-01,56.71,completed,web
O01529,C0073,2025-06-18,124.2,completed,ios
O01530,C0246,2025-03-16,191.7,completed,android
O01531,C0253,2025-04-05,90.45,completed,ios
O01532,C0214,2025-04-19,68.04,completed,ios
O01533,C0062,2025-05-25,59.24,cancelled,ios
O01534,C0022,2025-04-01,170.63,refunded,android
O01535,C0235,2025-03-12,155.17,cancelled,web
O01536,C0179,2025-06-30,122.02,cancelled,web
O01537,C0090,2025-06-17,170.89,refunded,android
O01538,C0440,2025-02-05,191.36,completed,ios
O01539,C0035,2025-06-15,0.0,completed,android
O01540,C0363,2025-05-10,135.68,cancelled,ios
O01541,C0067,2025-06-28,52.89,cancelled,ios
O01542,C0035,2025-01-12,253.62,completed,web
O01543,C0050,2025-06-20,229.95,completed,android
O01544,C0408,2025-03-02,206.64,completed,android
O01545,C0457,2025-04-09,122.29,cancelled,ios
O01546,C0059,2025-01-10,57.41,completed,ios
O01547,C0391,2025-04-06,29.81,completed,web
O01548,C0358,2025-04-26,48.64,cancelled,android
O01549,C0103,2025-02-20,118.99,completed,android
O01550,C0083,2025-04-22,184.36,completed,web
O01551,C0299,2025-01-07,58.59,completed,web
O01552,C0185,2025-04-15,55.33,completed,ios
O01553,C0095,2025-06-24,103.44,refunded,web
O01554,C0427,2025-02-23,0.0,refunded,android
O01555,C0181,2025-04-02,63.56,completed,ios
O01556,C0219,2025-06-10,68.0,completed,android
O01557,C0041,2025-02-02,130.2,completed,web
O01558,C0308,2025-05-19,70.55,completed,ios
O01559,C0473,2025-03-06,76.39,completed,ios
O01560,C0039,2025-05-17,155.88,cancelled,android
O01561,C0257,2025-03-21,103.48,completed,android
O01562,C0242,2025-03-09,132.13,completed,ios
O01563,C0216,2025-03-08,158.42,completed,android
O01564,C0419,2025-03-26,239.54,completed,web
O01565,C0253,2025-01-19,146.48,completed,ios
O01566,C0037,2025-04-17,47.38,cancelled,web
O01567,C0455,2025-05-22,88.69,completed,web
O01568,C0255,2025-05-10,124.2,completed,ios
O01569,C0245,2025-03-19,144.16,completed,web
O01570,C0397,2025-02-20,0.0,refunded,android
O01571,C0351,2025-01-05,101.42,completed,ios
O01572,C0360,2025-04-20,113.64,completed,ios
O01573,C0061,2025-06-07,177.1,refunded,web
O01574,C0122,2025-03-01,113.71,completed,web
O01575,C0212,2025-05-18,0.0,completed,web
O01576,C0040,2025-01-15,43.69,completed,ios
O01577,C0023,2025-03-22,68.68,completed,web
O01578,C0311,2025-04-12,190.94,completed,android
O01579,C0040,2025-01-20,119.91,completed,web
O01580,C0228,2025-03-19,195.16,cancelled,ios
O01581,C0445,2025-06-17,124.62,cancelled,android
O01582,C0054,2025-01-14,246.76,refunded,android
O01583,C0487,2025-06-09,95.84,cancelled,web
O01584,C0157,2025-05-22,122.1,completed,android
O01585,C0418,2025-02-06,162.82,refunded,web
O01586,C0011,2025-05-08,129.82,completed,ios
O01587,C0302,2025-04-09,71.59,cancelled,ios
O01588,C0254,2025-01-05,267.69,refunded,ios
O01589,C0023,2025-02-27,130.52,completed,android
O01590,C0157,2025-01-09,156.84,completed,web
O01591,C0466,2025-06-05,121.53,completed,android
O01592,C0111,2025-01-08,65.7,cancelled,ios
O01593,C0444,2025-04-20,148.05,completed,android
O01594,C0199,2025-06-23,0.0,cancelled,ios
O01595,C0218,2025-05-27,100.26,refunded,ios
O01596,C0382,2025-03-02,19.2,completed,ios
O01597,C0410,2025-06-24,144.18,cancelled,ios
O01598,C0173,2025-05-27,112.31,cancelled,ios
O01599,C0186,2025-03-10,63.42,cancelled,web
O01600,C0064,2025-03-20,31.79,completed,ios
O01601,C0434,2025-02-15,-109.49,completed,ios
O01602,C0246,2025-06-13,123.87,completed,ios
O01603,C0030,2025-05-29,164.75,completed,web
O01604,C0226,2025-02-16,101.9,completed,ios
O01605,C0445,2025-05-07,179.01,cancelled,android
O01606,C0026,2025-03-01,180.68,completed,web
O01607,C0351,2025-05-10,170.59,completed,web
O01608,C0488,2025-03-08,59.3,completed,android
O01609,C0433,2025-04-01,102.43,completed,web
O01610,C0260,2025-04-24,115.44,completed,web
O01611,C0105,2025-03-25,18.05,completed,android
O01612,C0219,2025-03-14,71.74,completed,android
O01613,C0404,2025-04-03,88.72,refunded,ios
O01614,C0319,2025-01-08,172.9,completed,ios
O01615,C0477,2025-02-08,131.61,completed,android
O01616,C0367,2025-05-11,112.82,completed,web
O01617,C0194,2025-05-30,214.56,completed,web
O01618,C0491,2025-02-27,139.64,cancelled,android
O01619,C0281,2025-04-18,90.4,completed,android
O01620,C0242,2025-06-18,112.61,refunded,ios
O01621,C0138,2025-02-19,145.71,completed,ios
O01622,C0119,2025-04-27,77.15,completed,android
O01623,C0124,2025-04-24,106.67,completed,android
O01624,C0259,2025-01-20,0.0,refunded,android
O01625,C0118,2025-04-25,129.8,completed,android
O01626,C0126,2025-04-15,77.77,completed,android
O01627,C0134,2025-03-15,103.64,cancelled,web
O01628,C0295,2025-05-07,145.22,completed,web
O01629,C0449,2025-04-27,150.3,cancelled,android
O01630,C0477,2025-05-01,122.96,completed,web
O01631,C0427,2025-04-21,155.85,cancelled,android
O01632,C0471,2025-04-10,125.43,completed,web
O01633,C0206,2025-06-28,31.33,completed,android
O01634,C0312,2025-06-07,86.85,completed,web
O01635,C0379,2025-04-01,245.4,refunded,ios
O01636,C0388,2025-05-03,79.18,completed,android
O01637,C0393,2025-05-31,241.91,completed,android
O01638,C0304,2025-04-05,49.28,refunded,ios
O01639,C0165,2025-04-23,162.69,completed,web
O01640,C0153,2025-05-07,206.07,cancelled,android
O01641,C0460,2025-05-15,18.58,completed,ios
O01642,C0164,2025-02-15,64.38,completed,android
O01643,C0452,2025-02-23,76.09,completed,web
O01644,C0178,2025-03-14,140.48,completed,ios
O01645,C0250,2025-04-23,126.03,completed,android
O01646,C0386,2025-01-28,156.05,completed,web
O01647,C0050,2025-02-22,52.27,cancelled,web
O01648,C0492,2025-05-19,96.97,completed,web
O01649,C0251,2025-01-07,86.68,refunded,android
O01650,C0228,2025-05-14,155.69,refunded,ios
O01651,C0471,2025-01-29,91.68,refunded,ios
O01652,C0135,2025-01-23,0.0,completed,android
O01653,C0343,2025-01-30,226.14,completed,android
O01654,C0039,2025-03-25,98.67,completed,ios
O01655,C0233,2025-06-11,111.86,completed,web
O01656,C0222,2025-01-26,30.77,cancelled,ios
O01657,C0098,2025-05-23,54.85,completed,web
O01658,C0071,2025-05-31,15.71,completed,android
O01659,C0101,2025-03-09,52.14,refunded,ios
O01660,C0068,2025-02-20,132.89,completed,android
O01661,C0439,2025-02-24,142.39,completed,android
O01662,C0092,2025-01-10,120.45,completed,android
O01663,C0195,2025-06-11,46.11,completed,ios
O01664,C0431,2025-03-01,76.99,refunded,ios
O01665,C0408,2025-06-11,76.05,completed,web
O01666,C0058,2025-03-15,155.34,refunded,ios
O01667,C0127,2025-06-19,86.73,completed,ios
O01668,C0357,2025-04-12,136.99,refunded,ios
O01669,C0308,2025-04-16,114.41,completed,ios
O01670,C0032,2025-05-24,106.57,completed,android
O01671,C0163,2025-04-16,69.71,completed,ios
O01672,C0249,2025-02-26,160.87,completed,ios
O01673,C0230,2025-04-15,141.96,completed,android
O01674,C0313,2025-03-26,240.52,cancelled,web
O01675,C0487,2025-01-06,128.44,completed,android
O01676,C0033,2025-06-17,95.31,completed,ios
O01677,C0275,2025-02-20,234.01,completed,ios
O01678,C0411,2025-02-11,109.38,completed,ios
O01679,C0111,2025-05-22,105.12,completed,android
O01680,C0053,2025-05-09,0.0,refunded,web
O01681,C0081,2025-03-14,106.22,completed,web
O01682,C0140,2025-02-01,161.13,refunded,android
O01683,C0206,2025-02-03,171.07,completed,web
O01684,C0259,2025-06-30,8.39,refunded,web
O01685,C0008,2025-05-19,92.77,refunded,web
O01686,C0426,2025-06-05,98.92,completed,ios
O01687,C0263,2025-01-06,98.6,cancelled,ios
O01688,C0193,2025-03-16,182.96,completed,ios
O01689,C0288,2025-03-13,0.0,completed,ios
O01690,C0009,2025-05-08,133.68,completed,android
O01691,C0366,2025-01-28,44.72,completed,ios
O01692,C0190,2025-05-03,143.28,completed,ios
O01693,C0074,2025-06-11,146.56,refunded,android
O01694,C0128,2025-01-22,115.93,cancelled,ios
O01695,C0268,2025-05-26,121.39,refunded,ios
O01696,C0380,2025-03-28,99.13,completed,ios
O01697,C0353,2025-05-25,21.11,completed,android
O01698,C0407,2025-05-06,49.35,completed,android
O01699,C0121,2025-03-24,53.1,completed,web
O01700,C0218,2025-06-29,136.56,completed,web
O01701,C0083,2025-05-14,119.58,completed,web
O01702,C0454,2025-04-19,83.83,cancelled,ios
O01703,C0072,2025-05-21,112.88,completed,android
O01704,C0473,2025-06-23,124.03,completed,android
O01705,C0456,2025-04-06,86.72,completed,android
O01706,C0488,2025-04-06,105.89,completed,ios
O01707,C0237,2025-02-23,246.42,completed,web
O01708,C0269,2025-05-02,-66.42,refunded,web
O01709,C0077,2025-05-01,270.37,completed,web
O01710,C0356,2025-01-25,187.38,completed,web
O01711,C0032,2025-06-09,85.67,cancelled,web
O01712,C0177,2025-06-10,126.84,completed,ios
O01713,C0146,2025-04-20,75.79,refunded,ios
O01714,C0288,2025-05-19,94.05,completed,web
O01715,C0304,2025-02-09,153.44,cancelled,web
O01716,C0065,2025-05-14,145.26,refunded,ios
O01717,C0295,2025-06-01,0.0,cancelled,android
O01718,C0466,2025-05-02,24.27,completed,web
O01719,C0111,2025-01-24,194.9,refunded,web
O01720,C0166,2025-01-20,84.49,completed,web
O01721,C0262,2025-04-23,59.53,completed,web
O01722,C0287,2025-04-11,150.62,refunded,android
O01723,C0243,2025-04-01,92.42,cancelled,web
O01724,C0490,2025-02-12,187.48,completed,android
O01725,C0074,2025-04-22,55.33,completed,android
O01726,C0461,2025-04-22,94.17,completed,web
O01727,C0444,2025-04-04,183.31,refunded,web
O01728,C0316,2025-05-24,38.78,completed,ios
O01729,C0192,2025-02-15,299.9,completed,android
O01730,C0100,2025-01-02,39.71,completed,web
O01731,C0467,2025-04-05,181.23,completed,web
O01732,C0332,2025-03-12,84.2,refunded,web
O01733,C0357,2025-06-30,118.4,completed,android
O01734,C0475,2025-05-01,204.05,refunded,ios
O01735,C0089,2025-05-02,119.97,completed,web
O01736,C0190,2025-01-08,33.35,completed,android
O01737,C0377,2025-02-15,141.96,completed,web
O01738,C0228,2025-06-13,96.89,completed,web
O01739,C0440,2025-05-20,99.83,completed,ios
O01740,C0429,2025-06-22,235.66,completed,android
O01741,C0087,2025-05-31,110.02,refunded,ios
O01742,C0429,2025-06-20,63.57,completed,web
O01743,C0423,2025-05-09,148.37,completed,ios
O01744,C0312,2025-02-20,157.79,refunded,web
O01745,C0326,2025-01-01,91.15,refunded,android
O01746,C0429,2025-06-28,191.33,refunded,web
O01747,C0060,2025-01-24,130.5,completed,web
O01748,C0404,2025-01-03,143.25,completed,ios
O01749,C0042,2025-03-05,87.79,completed,android
O01750,C0387,2025-02-03,204.77,refunded,android
O01751,C0147,2025-02-15,105.99,completed,ios
O01752,C0453,2025-02-21,196.14,completed,ios
O01753,C0358,2025-04-23,113.65,completed,android
O01754,C0268,2025-04-26,189.33,completed,web
O01755,C0487,2025-05-30,63.86,refunded,ios
O01756,C0331,2025-06-24,169.07,completed,ios
O01757,C0359,2025-05-09,26.23,cancelled,web
O01758,C0133,2025-02-25,88.48,completed,web
O01759,C0265,2025-06-18,73.71,completed,ios
O01760,C0289,2025-04-07,70.01,completed,ios
O01761,C0360,2025-01-27,-36.84,refunded,ios
O01762,C0172,2025-03-28,32.04,completed,web
O01763,C0468,2025-04-02,96.7,completed,ios
O01764,C0415,2025-06-07,183.13,cancelled,android
O01765,C0223,2025-04-13,75.78,cancelled,ios
O01766,C0248,2025-06-23,127.41,completed,web
O01767,C0391,2025-05-10,169.24,cancelled,ios
O01768,C0304,2025-01-08,159.63,completed,ios
O01769,C0454,2025-06-02,260.14,cancelled,web
O01770,C0067,2025-06-19,88.89,completed,web
O01771,C0159,2025-02-06,141.13,completed,android
O01772,C0076,2025-02-21,56.97,completed,ios
O01773,C0042,2025-02-17,123.51,completed,web
O01774,C0351,2025-05-23,160.3,completed,web
O01775,C0245,2025-02-10,82.05,completed,ios
O01776,C0343,2025-04-07,176.05,completed,web
O01777,C0199,2025-02-02,61.54,completed,ios
O01778,C0420,2025-06-22,247.64,refunded,android
O01779,C0202,2025-05-17,182.54,cancelled,web
O01780,C0114,2025-06-05,150.23,completed,ios
O01781,C0186,2025-03-29,116.61,refunded,web
O01782,C0331,2025-02-28,119.97,completed,web
O01783,C0109,2025-03-19,69.79,refunded,web
O01784,C0146,2025-03-21,141.58,refunded,web
O01785,C0134,2025-04-18,145.91,completed,ios
O01786,C0413,2025-01-22,174.64,completed,android
O01787,C0442,2025-04-14,123.11,cancelled,android
O01788,C0197,2025-06-25,111.12,refunded,android
O01789,C0492,2025-06-21,35.97,completed,android
O01790,C0325,2025-01-30,179.69,refunded,android
O01791,C0191,2025-05-02,92.66,completed,web
O01792,C0218,2025-05-17,7.59,completed,web
O01793,C0004,2025-03-28,209.15,cancelled,android
O01794,C0373,2025-04-27,89.92,refunded,ios
O01795,C0021,2025-02-01,164.97,cancelled,android
O01796,C0190,2025-03-06,70.83,completed,web
O01797,C0278,2025-03-10,144.41,completed,ios
O01798,C0326,2025-01-10,170.82,completed,android
O01799,C0019,2025-05-17,116.78,completed,web
O01800,C0373,2025-02-07,74.75,refunded,ios
O01801,C0177,2025-04-28,103.21,cancelled,android
O01802,C0235,2025-01-11,78.37,completed,web
O01803,C0076,2025-06-05,204.61,refunded,android
O01804,C0372,2025-01-21,107.6,completed,ios
O01805,C0206,2025-01-06,160.11,completed,ios
O01806,C0495,2025-01-30,211.0,cancelled,ios
O01807,C0156,2025-06-07,2.7,completed,ios
O01808,C0294,2025-05-02,109.63,refunded,ios
O01809,C0383,2025-06-26,128.55,cancelled,ios
O01810,C0466,2025-02-16,72.45,completed,web
O01811,C0209,2025-02-23,181.64,completed,ios
O01812,C0307,2025-06-12,127.28,completed,web
O01813,C0010,2025-03-25,134.92,cancelled,ios
O01814,C0302,2025-04-18,201.13,completed,android
O01815,C0200,2025-05-02,128.63,completed,ios
O01816,C0078,2025-04-29,115.93,refunded,web
O01817,C0273,2025-06-28,148.74,cancelled,web
O01818,C0324,2025-05-05,172.29,completed,web
O01819,C0107,2025-05-16,86.06,refunded,web
O01820,C0080,2025-06-09,156.51,cancelled,ios
O01821,C0290,2025-04-21,31.99,completed,android
O01822,C0381,2025-05-06,171.76,refunded,android
O01823,C0068,2025-04-07,28.67,completed,web
O01824,C0057,2025-05-27,47.19,completed,android
O01825,C0206,2025-05-21,35.99,cancelled,ios
O01826,C0164,2025-04-03,174.42,completed,android
O01827,C0275,2025-05-17,27.46,refunded,ios
O01828,C0423,2025-04-26,194.45,completed,ios
O01829,C0148,2025-01-01,67.03,completed,android
O01830,C0465,2025-01-26,108.97,refunded,ios
O01831,C0211,2025-02-18,65.45,cancelled,android
O01832,C0042,2025-06-03,57.0,refunded,web
O01833,C0167,2025-06-06,120.03,completed,ios
O01834,C0012,2025-06-03,197.88,refunded,android
O01835,C0262,2025-02-19,140.98,completed,web
O01836,C0242,2025-02-21,91.24,completed,web
O01837,C0458,2025-01-08,137.81,cancelled,ios
O01838,C0124,2025-02-15,184.31,cancelled,android
O01839,C0057,2025-06-04,183.82,completed,ios
O01840,C0370,2025-01-18,-16.4,completed,android
O01841,C0347,2025-04-15,252.44,completed,ios
O01842,C0491,2025-03-08,0.0,cancelled,web
O01843,C0367,2025-06-05,75.32,refunded,android
O01844,C0031,2025-03-16,60.81,completed,ios
O01845,C0205,2025-05-11,75.55,completed,web
O01846,C0434,2025-03-09,73.1,cancelled,web
O01847,C0370,2025-02-13,61.39,completed,ios
O01848,C0108,2025-03-09,185.26,completed,ios
O01849,C0461,2025-05-06,121.59,refunded,ios
O01850,C0404,2025-04-26,19.09,cancelled,ios
O01851,C0305,2025-01-10,122.41,completed,ios
O01852,C0289,2025-04-03,86.12,completed,android
O01853,C0082,2025-05-26,74.58,completed,web
O01854,C0381,2025-06-27,69.2,cancelled,ios
O01855,C0440,2025-04-09,118.02,cancelled,ios
O01856,C0076,2025-05-30,163.11,completed,android
O01857,C0261,2025-05-13,50.86,completed,android
O01858,C0080,2025-05-31,166.45,completed,android
O01859,C0192,2025-04-07,165.86,cancelled,ios
O01860,C0090,2025-05-04,68.25,completed,android
O01861,C0485,2025-01-17,91.7,completed,android
O01862,C0399,2025-01-31,163.17,completed,ios
O01863,C0236,2025-05-26,231.41,cancelled,web
O01864,C0380,2025-02-21,51.92,completed,ios
O01865,C0321,2025-01-26,188.18,cancelled,android
O01866,C0276,2025-01-21,98.8,completed,ios
O01867,C0291,2025-05-14,120.59,completed,web
O01868,C0354,2025-04-27,166.15,cancelled,ios
O01869,C0283,2025-03-13,152.71,completed,web
O01870,C0268,2025-03-19,141.15,completed,web
O01871,C0300,2025-05-29,92.99,completed,ios
O01872,C0405,2025-06-12,123.88,refunded,web
O01873,C0227,2025-01-22,92.79,cancelled,ios
O01874,C0154,2025-05-26,-124.13,refunded,web
O01875,C0369,2025-04-24,126.77,cancelled,ios
O01876,C0001,2025-03-06,81.09,cancelled,ios
O01877,C0253,2025-06-11,151.8,completed,ios
O01878,C0445,2025-05-17,183.92,completed,android
O01879,C0288,2025-05-09,96.67,completed,ios
O01880,C0004,2025-03-23,180.26,cancelled,ios
O01881,C0254,2025-02-11,163.88,completed,ios
O01882,C0176,2025-06-13,211.45,completed,web
O01883,C0399,2025-01-28,123.35,completed,android
O01884,C0242,2025-01-27,78.58,cancelled,web
O01885,C0293,2025-06-22,139.74,completed,web
O01886,C0313,2025-06-19,148.89,cancelled,ios
O01887,C0335,2025-06-02,145.16,completed,ios
O01888,C0479,2025-03-19,18.71,completed,ios
O01889,C0373,2025-04-01,144.94,cancelled,ios
O01890,C0391,2025-04-17,-74.11,refunded,web
O01891,C0496,2025-04-15,54.22,completed,web
O01892,C0420,2025-06-30,206.35,completed,ios
O01893,C0427,2025-04-06,182.67,cancelled,android
O01894,C0379,2025-02-21,129.39,cancelled,android
O01895,C0226,2025-03-12,155.07,refunded,android
O01896,C0304,2025-05-01,147.86,completed,android
O01897,C0200,2025-06-26,210.96,cancelled,android
O01898,C0193,2025-01-16,96.48,completed,ios
O01899,C0276,2025-04-05,74.59,completed,ios
O01900,C0397,2025-04-16,138.6,completed,android
O01901,C0154,2025-05-27,127.96,cancelled,android
O01902,C0391,2025-06-19,144.49,cancelled,ios
O01903,C0354,2025-01-06,185.33,completed,ios
O01904,C0464,2025-04-25,199.44,completed,web
O01905,C0165,2025-04-30,127.95,completed,ios
O01906,C0310,2025-01-06,176.35,refunded,ios
O01907,C0203,2025-05-05,153.71,cancelled,ios
O01908,C0009,2025-05-25,11.87,completed,android
O01909,C0448,2025-03-25,137.42,completed,android
O01910,C0039,2025-05-25,52.38,cancelled,web
O01911,C0273,2025-02-10,154.9,refunded,android
O01912,C0333,2025-02-18,9.25,refunded,ios
O01913,C0239,2025-04-26,268.25,completed,web
O01914,C0094,2025-06-15,0.0,refunded,android
O01915,C0400,2025-06-27,110.33,refunded,android
O01916,C0151,2025-01-02,0.0,refunded,web
O01917,C0005,2025-02-27,104.95,cancelled,android
O01918,C0394,2025-03-25,150.79,completed,android
O01919,C0474,2025-04-01,194.46,completed,web
O01920,C0106,2025-03-20,60.91,completed,android
O01921,C0309,2025-01-11,133.76,completed,ios
O01922,C0476,2025-02-28,46.5,completed,ios
O01923,C0084,2025-04-19,163.63,completed,web
O01924,C0071,2025-04-23,117.53,refunded,web
O01925,C0228,2025-02-23,72.29,completed,ios
O01926,C0303,2025-02-01,164.57,completed,android
O01927,C0468,2025-05-29,115.13,completed,ios
O01928,C0380,2025-06-04,89.82,completed,ios
O01929,C0098,2025-02-23,227.14,completed,android
O01930,C0058,2025-04-27,109.98,refunded,ios
O01931,C0205,2025-01-26,31.45,refunded,android
O01932,C0154,2025-02-28,234.63,completed,android
O01933,C0330,2025-04-10,127.63,completed,web
O01934,C0073,2025-03-05,112.46,completed,web
O01935,C0266,2025-02-09,163.01,cancelled,web
O01936,C0444,2025-06-19,172.14,cancelled,ios
O01937,C0422,2025-02-10,87.51,completed,android
O01938,C0415,2025-06-21,138.06,completed,web
O01939,C0016,2025-05-08,137.36,completed,android
O01940,C0165,2025-01-08,178.49,completed,web
O01941,C0456,2025-05-01,238.86,completed,android
O01942,C0194,2025-06-03,145.96,completed,web
O01943,C0052,2025-01-04,95.26,completed,web
O01944,C0496,2025-05-02,154.66,refunded,android
O01945,C0226,2025-02-04,-187.99,refunded,ios
O01946,C0461,2025-03-07,34.49,cancelled,ios
O01947,C0490,2025-06-07,106.75,cancelled,web
O01948,C0065,2025-02-26,96.46,completed,web
O01949,C0338,2025-01-22,115.92,cancelled,web
O01950,C0128,2025-02-27,24.72,completed,ios
O01951,C0364,2025-04-29,84.33,completed,web
O01952,C0168,2025-04-19,56.67,completed,android
O01953,C0378,2025-01-09,118.6,completed,web
O01954,C0008,2025-02-06,12.4,completed,web
O01955,C0204,2025-03-24,188.51,completed,android
O01956,C0446,2025-05-28,125.05,completed,ios
O01957,C0319,2025-03-09,91.2,cancelled,ios
O01958,C0173,2025-02-17,111.46,refunded,android
O01959,C0234,2025-06-19,217.1,completed,web
O01960,C0401,2025-04-04,187.34,completed,android
O01961,C0065,2025-01-25,129.5,cancelled,android
O01962,C0152,2025-02-02,185.67,completed,ios
O01963,C0224,2025-05-22,144.85,cancelled,web
O01964,C0204,2025-05-11,117.54,completed,web
O01965,C0102,2025-04-01,16.94,cancelled,android
O01966,C0025,2025-05-17,103.3,completed,android
O01967,C0485,2025-05-16,137.62,cancelled,web
O01968,C0432,2025-02-08,150.56,cancelled,ios
O01969,C0440,2025-02-21,93.06,completed,ios
O01970,C0462,2025-05-14,269.27,refunded,ios
O01971,C0165,2025-02-04,110.99,cancelled,android
O01972,C0160,2025-02-23,70.13,cancelled,android
O01973,C0492,2025-01-18,177.45,completed,web
O01974,C0201,2025-02-10,142.42,refunded,android
O01975,C0100,2025-03-05,131.6,completed,web
O01976,C0458,2025-04-13,100.2,cancelled,android
O01977,C0078,2025-02-22,35.99,completed,android
O01978,C0061,2025-05-14,151.21,completed,android
O01979,C0307,2025-05-01,127.2,cancelled,android
O01980,C0313,2025-04-27,184.04,completed,ios
O01981,C0487,2025-01-11,27.08,refunded,ios
O01982,C0300,2025-02-13,205.62,refunded,ios
O01983,C0116,2025-05-14,286.25,cancelled,ios
O01984,C0124,2025-06-20,245.73,refunded,ios
O01985,C0030,2025-06-13,201.2,completed,ios
O01986,C0328,2025-05-11,183.14,completed,ios
O01987,C0043,2025-01-04,207.45,refunded,web
O01988,C0303,2025-04-22,184.49,completed,android
O01989,C0250,2025-05-24,59.27,refunded,web
O01990,C0309,2025-01-28,71.88,completed,android
O01991,C0049,2025-01-31,163.34,cancelled,ios
O01992,C0418,2025-04-11,110.81,completed,ios
O01993,C0332,2025-04-23,166.92,refunded,android
O01994,C0382,2025-04-21,57.3,completed,web
O01995,C0291,2025-02-16,263.28,refunded,web
O01996,C0374,2025-04-27,141.9,completed,ios
O01997,C0420,2025-06-24,29.89,refunded,web
O01998,C0167,2025-04-28,254.32,completed,web
O01999,C0108,2025-05-23,129.85,refunded,ios
O02000,C0400,2025-02-14,45.11,completed,ios
O00001,C0001,2025-01-01,100.00,completed,web
O00001,C0001,2025-01-01,100.00,completed,web
